Book,Publisher,State/Country,Year,,States,,,Countries,
Pliny the Elder,Russian River Brewing Co.,California,2017,,1,Alabama,,1,Argentina
Double Two Hearted Ale Double American IPA,Bell's Brewery,Michigan,2019,,8,Alaska,,2,Australia
Guten Bock Dopplebock Lager,MadTree Brewing Co.,Ohio,2023,,0,Arizona,,2,Austria
Lunch IPA,Maine Brewing Co.,Maine,2024,,1,Arkansas,,15,Belgium
Lil Coconut Imperial Sweet Stout,Angry Chair Brewing,Florida,2024,,84,California,,1,Brazil
Relative Rates Double India Pale Ale,Equilibrium Brewery,New York,2024,,67,Colorado,,9,Canada
KBS Imperial Stout,Founders Brewing Co.,Michigan,2024,,11,Connecticut,,2,China
Double Astral Imperial Chocolate Oatmeal Stout ,Third Eye Brewing Co.,Ohio,2025,,19,Delaware,,1,Colombia
Copper Clouds IPA,Brewery Vivant,Michigan,2017,,11,Florida,,2,Costa Rica
Wrench Northeast IPA ,Industrial Arts Brewing Co.,New York,2023,,13,Georgia,,3,Croatia
Broccoli Double Dry Hopped Imperial India Pale Ale,Other Half Brewing Co.,New York,2024,,6,Hawaii,,7,Denmark
Ziegler Oktoberfest Lager,MadTree Brewing Co.,Ohio,2021,,0,Idaho,,1,France
Old Rasputin Russian Imperial Stout,North Coast Brewing Co.,California,2019,,38,Illinois,,41,Germany
Boat Show IPA,Yellow Springs Brewery,Ohio,2018,,44,Indiana,,1,Guatemala
Amber Ale,West Sixth Brewing Co.,Kentucky,2013,,8,Iowa,,4,Iceland
Pumpkin Ale,Rivertown Brewing Co.,Ohio,2013,,0,Kansas,,1,India
Raven Export Stout,Rhinegeist Brewing Co.,Ohio,2023,,64,Kentucky,,10,Ireland
Chocolate Oak Aged Yeti Imperial Stout,Great Divide Brewing Co.,Colorado,2016,,7,Louisiana,,1,Jamaica
Zombie Dust Pale Ale,3 Floyds Brewing Co.,Indiana,2018,,8,Maine,,2,Japan
Beer For Huddles Amber Ale,Off Color Brewing,Illinois,2025,,26,Maryland,,1,Mexico
Organic Chocolate Stout,Samuel Smith Old Brewery,UK,2016,,27,Massachusetts,,1,Netherlands
Speedway Stout Imperial Stout With Coffee,AleSmith Brewing Co.,California,2020,,95,Michigan,,1,Nicaragua
Bamm Bamm Rubble Rubble Sour Ale Now With Rainbow Sherbet,WeldWerks Brewing Co.,Colorado,2024,,5,Minnesota,,1,Philippines
10W-40 Imperial Stout,Hi-Wire Brewing,North Carolina,2019,,1,Mississippi,,1,Poland
S'More Gratitude,MadTree Brewing Co.,Ohio,2018,,21,Missouri,,2,Russia
Preserved In Three Dimensions Double India Pale Ale,Hop Butcher for the World,Illinois,2022,,2,Montana,,2,Rwanda
Oberon Ale,Bell's Brewery,Michigan,2015,,0,Nebraska,,1,Spain
Axis Mundi,MadTree Brewing Co.,Ohio,2016,,2,Nevada,,3,Sweden
Dirty Bastard Scotch Ale,Founders Brewing Co.,Michigan,2016,,4,New Hampshire,,1,Thailand
Robert the Bruce Scottish Style Ale,3 Floyds Brewing Co.,Indiana,2015,,2,New Jersey,,30,UK
Octoberfest Marzen Lager,Left Hand Brewing Co.,Colorado,2013,,3,New Mexico,,"1,292",United States
Phantom Forest Juicy Imperial IPA,MadTree Brewing Co.,Ohio,2020,,54,New York,,,
10W-40 Chai Imperial Stout,Hi-Wire Brewing,North Carolina,2021,,32,North Carolina,,,
Buckeye Stout,Sonder Brewing,Ohio,2021,,1,North Dakota,,,
Cryo Fresh Hop Bayou Juice Hazy India Pale Ale,WeldWerks Brewing Co. / Parish Brewing Co.,Colorado,2024,,509,Ohio,,,
Rabbit West Coast Style India Pale Ale,Trillium Brewing,Massachusetts,2025,,1,Oklahoma,,,
Fork in the Road India Amber Ale,Blank Slate Brewing Co.,Ohio,2016,,17,Oregon,,,
Oh Mai! Golden Ale,MadTree Brewing Co.,Ohio,2022,,37,Pennsylvania,,,
Quentin Quarantino DDH IPA,Taft's Brewing Co.,Ohio,2020,,2,Rhode Island,,,
From the Market,Boston Beer Co.,Massachusetts,2023,,5,South Carolina,,,
Pernicious IPA,Wicked Weed Brewing,North Carolina,2017,,1,South Dakota,,,
Salted Caramel Imperial Stout,Southern Tier Brewing Co.,New York,2017,,9,Tennessee,,,
Expedition Stout,Bell's Brewery,Michigan,2018,,3,Texas,,,
Lord Rear Admiral ESB,3 Floyds Brewing Co.,Indiana,2019,,12,Utah,,,
Dino Bits Hazy Double India Pale Ale,Weldwerks Brewing Co. / Toppling Goliath Brewing Co.,Colorado,2025,,5,Vermont,,,
Happy Amber,MadTree Brewing Co.,Ohio,2014,,7,Virginia,,,
Trappistes Rochefort 10,Brasserie de Rochefort,Belgium,2017,,2,Washington,,,
Springbok South African IPA,New Holland Brewing Co.,Michigan,2017,,1,West Virginia,,,
Imperial Java Stout ,Santa Fe Brewing Co.,New Mexico,2026,,14,Wisconsin,,,
White Stouts Can't Jump Imperial White Stout,Abomination Brewing,Connecticut,2023,,2,Wyoming,,,
St. Peter's Cream Stout,St. Peter's Brewery Co.,UK,2017,,,,,,
Voodoo Ranger Tropic Force IPA,New Belgium Brewing Co.,Colorado,2025,,,,,,
Moloko Milk Stout,3 Floyds Brewing Co.,Indiana,2023,,,,,,
Peanut Butter Milk Stout,West Side Brewing,Ohio,2023,,,,,,
Trip in the Woods: Biere De Garde,Sierra Nevada Brewing Co.,California,2018,,,,,,
Bedtime Stories Imperial Milk Stout,Abomination Brewing,Connecticut,2019,,,,,,
Hipster Repellant IPA,Falls City Brewing Co.,Kentucky,2014,,,,,,
Cryosphere India Pale Ale,Terrapin Beer Co.,Georgia,2020,,,,,,
IPA,Karrikin Spirits Co.,Ohio,2020,,,,,,
Abt 12 Abbey Ale,Brouwerij St. Bernardus NV,Belgium,2022,,,,,,
Black Note Stout,Bell's Brewery,Michigan,2024,,,,,,
Shake Chocolate Porter,Boulder Beer ,Colorado,2019,,,,,,
Blood Orange Psychopathy IPA,MadTree Brewing Co.,Ohio,2016,,,,,,
Oktoberfest,West Side Brewing,Ohio,2020,,,,,,
Hop Baron Double Down IPA,Rivertown Brewing Co.,Ohio,2013,,,,,,
Ichabod Pumpkin Ale,New Holland Brewing Co.,Michigan,2013,,,,,,
"My Mug, My Rules Imperial Stout",Short Throw Brewing Co.,Connecticut,2020,,,,,,
Hopslam Ale,Bell's Brewery,Michigan,2018,,,,,,
Oktoberfest,Bell's Brewery,Michigan,2018,,,,,,
950 Cuvee,Brouwerij Affligem,Belgium,2014,,,,,,
Amber Ale,Mt. Carmel Brewing Co.,Ohio,2015,,,,,,
ERIC More Cowbell! Chocolate Milk Stout,SingleCut Beersmiths,New York,2019,,,,,,
Nocturnal Dark Lager,Sonder Brewing,Ohio,2023,,,,,,
Wildness Alaskan Cold Beer,Alaskan Brewing Co.,Alaska,2024,,,,,,
Batsquatch Hazy IPA,Rogue Ales,Oregon,2021,,,,,,
Gnarly Brown,MadTree Brewing Co.,Ohio,2015,,,,,,
Gaffel Kolsch,Privatbrauerei Gaffel Becker & Co.,Germany,2019,,,,,,
Green Moss Citra and Simcoe-Hopped Double India Pale Ale,Hop Butcher for the World,Illinois,2025,,,,,,
Crooked Tree IPA,Dark Horse Brewing Co.,Michigan,2014,,,,,,
Milk Stout,North High Brewing Co.,Ohio,2016,,,,,,
Pigs Ass Porter,Harvest Moon Brewery,Montana,2018,,,,,,
Evil Dead Red,Ale Smith Brewing Co.,California,2018,,,,,,
Munsterfest Oktoberfest-style Lager,3 Floyds Brewing Co.,Indiana,2019,,,,,,
Necron 99 Scorch-Style Ale,3 Floyds Brewing Co.,Indiana,2017,,,,,,
Canadian Breakfast Stout,Founders Brewing Co.,Michigan,2018,,,,,,
I'm An Alligator IIPA,SingleCut Beersmiths,New York,2020,,,,,,
Cold Mountain Winter Ale,Highland Brewing Co.,North Carolina,2020,,,,,,
Big Bunny Imperial Chocolate Milk Stout,Stillwater Artisanal Ales,Maryland,2017,,,,,,
Black Cats English Brown Ale,Streetside Brewery,Ohio,2021,,,,,,
Pride & Joy 3000 Mild Ale,3 Floyds Brewing Co.,Indiana,2019,,,,,,
White Out Blueberry Walnut Cream Stout ,Fifty West Brewing Co.,Ohio,2019,,,,,,
Nugget Nectar,Troegs Brewing Co.,Pennsylvania,2018,,,,,,
Cafe Ink Imperial Stout,Rhinegeist Brewing Co.,Ohio,2018,,,,,,
Dinner Ale,Maine Brewing Co.,Maine,2025,,,,,,
Insane Wanderer IPA,Columbus Brewing Co.,Ohio,2019,,,,,,
Hazy Slugger Hazy IPA,Taft's Brewing Co.,Ohio,2020,,,,,,
Electric Llama Bavarian Style IPA,Fretboard Brewing Co.,Ohio,2024,,,,,,
Weissbier,Franziskaner,Germany,2013,,,,,,
Special Dark Bier,St. Pauli Girl,Germany,2013,,,,,,
Gruntled Pumpkin Ale,RJ Rockers Brewing Co.,South Carolina,2013,,,,,,
Furious Beer,Surly Brewing Co.,Minnesota,2014,,,,,,
Hazelnut Brown Nectar,Rogue Ales,Oregon,2014,,,,,,
Merry Monks' Ale,Weyerbacher Brewing Co.,Pennsylvania,2015,,,,,,
Red Chair NWPA,Deschutes Brewery,Oregon,2015,,,,,,
Dragon's Milk,New Holland Brewing Co.,Michigan,2016,,,,,,
Nitro Vanilla Porter,Breckenridge Brewery,Colorado,2016,,,,,,
Breakfast Porter,Woodburn Brewery,Ohio,2017,,,,,,
Unhappy Amber,MadTree Brewing Co.,Ohio,2017,,,,,,
Alpha King Pale Ale,3 Floyds Brewing Co.,Indiana,2017,,,,,,
Raspberry Beret,Streetside Brewery,Ohio,2017,,,,,,
Moloko Milk Stout,3 Floyds Brewing Co.,Indiana,2017,,,,,,
Anni Ale 13irteen,Short's Brewing Co.,Michigan,2018,,,,,,
Cellar Dweller Eye Opener Hazlenut Coffee Stout,Valley Vineyards Winery,Ohio,2018,,,,,,
Hanalei Island IPA,Kona Brewing Co.,Hawaii,2019,,,,,,
Big Bad Baptist Imperial Stout,Epic Brewing Co.,Utah,2019,,,,,,
Nitro Luck Irish Style Dry Stout,Rhinegeist Brewing Co.,Ohio,2020,,,,,,
Barbarian Haze IPA,3 Floyds Brewing Co.,Indiana,2021,,,,,,
La Fin Du Monde,Unibroue Brewery,Canada,2022,,,,,,
Mother Said Knock You Out Double IPA,BC's Brewing Co.,Ohio,2026,,,,,,
Society & Solitude #4 Double IPA,Hill Farmstead Brewery,Vermont,2019,,,,,,
Drunken Hog Smoked Porter,Wooden Cask Brewing Co.,Kentucky,2020,,,,,,
Dark Aura Chocolate Peanut Butter Stout,Third Eye Brewing Co.,Ohio,2025,,,,,,
Hobo Life Session IPA,Lord Hobo Brewing Co.,Massachusetts,2018,,,,,,
Trail Head Pale Ale,Fat Head's Brewery & Saloon,Ohio,2018,,,,,,
Robust Porter,Bell's Brewery,Michigan,2019,,,,,,
Cosmic Cocoa Imperial Stout,Sibling Revelry Brewing,Ohio,2019,,,,,,
Steve Austin's Broken Skull IPA,El Segundo Brewing Co.,California,2020,,,,,,
Blackbird Fly Blackberry Wheat,Little Miami Brewing Co.,Ohio,2022,,,,,,
Cheat Day Brownie Swirl Ice Cream Imperial Ale,Southern Tier Brewing Co.,New York,2026,,,,,,
Choklat Imperial Stout,Southern Tier Brewing Co.,New York,2017,,,,,,
GoneAway IPA,Half Acre Beer Co.,Illinois,2018,,,,,,
Ransack the Universe IPA,Collective Arts Brewing,Canada,2019,,,,,,
Dreadnaught IPA,3 Floyds Brewing Co.,Indiana,2021,,,,,,
Ursus Major Imperial Stout,Equilibrium Brewery,New York,2024,,,,,,
Brian Boru Irish-Style Red Ale,3 Floyds Brewing Co.,Indiana,2021,,,,,,
Mocha Latte Porter,Country Boy Brewing,Kentucky,2024,,,,,,
Retrospective II Marzen,MadTree Brewing Co.,Ohio,2024,,,,,,
Spaten Premium Lager,Spaten-Franziskaner-Bräu,Germany,2024,,,,,,
Chasing Darkness Stout with Coconut,Timber Ales Brewery,Connecticut,2025,,,,,,
Obsidian Stout,Deschutes Brewery,Oregon,2019,,,,,,
Stout at the Devil,Straight to Ale,Alabama,2020,,,,,,
Saber Tooth Tiger Imperial IPA,Rhinegeist Brewing Co.,Ohio,2020,,,,,,
Widow Maker Black Ale,Keweenaw Brewing Co.,Michigan,2020,,,,,,
Beard Crumbs Oatmeal Raisin Stout,Land Grant Brewing Co.,Ohio,2022,,,,,,
Gunner's Daughter Milk Stout,Mast Landing Brewing Co.,Maine,2024,,,,,,
The Hunt for Red Octobrew,South Ave Brewing Co.,Ohio,2018,,,,,,
Breakfast Stout,Founders Brewing Co.,Michigan,2019,,,,,,
Hop Casserole Hazy IPA,Lebanon Brewing Co.,Ohio,2023,,,,,,
Roebling Imperial Robust Porter,Rivertown Brewing Co.,Ohio,2014,,,,,,
Roebling Vanilla Espresso Imperial Porter,Rivertown Brewing Co.,Ohio,2018,,,,,,
Porter,West Side Brewing Co.,Ohio,2020,,,,,,
Special Double Cream Stout,Bell's Brewery,Michigan,2017,,,,,,
Premium Dunkel,Warsteiner,Germany,2013,,,,,,
Plain Porter,Porterhouse Brewing,Ireland,2014,,,,,,
Bitter Oats Ale,Lagunitas Brewing Co.,California,2016,,,,,,
Mosacca IPA,Greyline Brewing Co.,Michigan,2017,,,,,,
E's BlackEye-PA ,DVD Brew,Ohio,2024,,,,,,
Edelstoff,Augustiner-Bräu Wagner KG,Germany,2020,,,,,,
Brinktoberfest Marzen Style Lager,Brink Brewing Co.,Ohio,2023,,,,,,
Autumnation,Sixpoint Brewery,New York,2013,,,,,,
Prior 8 Belgian Abbey Watou,Brouwerij St. Bernardus NV ,Belgium,2014,,,,,,
Dry Irish Stout,Brooklyn Brewery,New York,2015,,,,,,
The Chocolate Manifesto Chocolate Milk Stout,Flying Monkeys Craft Brewery,Canada,2016,,,,,,
Mocha Milk Stout,Alaskan Brewing Co.,Alaska,2017,,,,,,
Apocalypse Cow DIPA,3 Floyds Brewing Co.,Indiana,2021,,,,,,
Dragon's Milk Reserve Oatmeal Cookie Bourbon Barrel-Aged Stout,New Holland Brewing Co.,Michigan,2024,,,,,,
Doscher's French Chew Vanilla Porter,DVD Brew,Ohio,2025,,,,,,
Smoked Porter,Alaskan Brewing Co.,Alaska,2018,,,,,,
B.O.R.I.S. the Crusher Oatmeal Imperial Stout,Hoppin' Frog Brewery,Ohio,2019,,,,,,
Lyrical Poet Bourbon Barrel-Aged Stout,Sun King Brewing Co.,Indiana,2019,,,,,,
Punch You In the EyePA,Fifty West Brewing Co.,Ohio,2019,,,,,,
Safety Falcon European Dark Lager,MadTree Brewing Co.,Ohio,2022,,,,,,
Hazy Hearted Hazy IPA,Bell's Brewery,Michigan,2023,,,,,,
Lime and Sea Salt Common Ale,West Side Brewing,Ohio,2023,,,,,,
Xingu Black Beer,Cervejaria Sul Brasileira,Brazil,2014,,,,,,
Imperial Stout,The Woodburn Brewery,UK,2018,,,,,,
72 Imperial Chocolate Cream Stout,Breckenridge Brewery,Colorado,2019,,,,,,
Liquid Harmony Amber Lager,Third Eye Brewing Co.,Ohio,2022,,,,,,
Dopplerbock Barrel-Aged Dopplebock,Devil Wind Brewing,Ohio,2024,,,,,,
Pay It Forward Cocoa Porter,West Sixth Brewing Co.,Kentucky,2015,,,,,,
Regretful Tattoo 35K Stout,Against the Grain Brewery & Smokehouse,Kentucky,2019,,,,,,
McPoyle Milk Stout,Mile Wide Beer Co.,Kentucky,2019,,,,,,
Lustro Imperial IPA,Omnipollo,Sweden,2018,,,,,,
Noel Belgian Style Dark Ale,Goose Island Beer Co.,Illinois,2019,,,,,,
Bo and Luke Imperial Smoked Stout Aged In Bourbon Barrels,Against the Grain Brewery & Smokehouse,Kentucky,2025,,,,,,
Stereo Sanctity New England IPA,Nine Giant Brewing,Ohio,2026,,,,,,
Murphy's Imported Stout Draught Style,Murphy Brewery Ireland Ltd.,Ireland,2018,,,,,,
Beta Guppy Hazy IPA,Rhinegeist Brewing Co.,Ohio,2021,,,,,,
Skipping Moose Dark German Wheat Ale,MadTree Brewing Co.,Ohio,2022,,,,,,
Midnight to Morning Chocolate Porter,Nine Giant Brewing,Ohio,2025,,,,,,
Jackyale Bourbon Barrel Aged Imperial Brown Ale,Against the Grain Brewery & Smokehouse,Kentucky,2017,,,,,,
Creeper Imperial India Pale Ale,Columbus Brewing Co.,Ohio,2020,,,,,,
DIPA,West Side Brewing,Ohio,2021,,,,,,
Boffo Brown Ale,Dark Horse Brewing Co.,Michigan,2013,,,,,,
Stella Artois,Anheuser-Busch,Missouri,2013,,,,,,
Collaboration Not Litigation Ale,Avery Brewing Co.,Colorado,2015,,,,,,
Kalamazoo Stout,Bell's Brewery,Michigan,2018,,,,,,
Larry's Latest Juicy IPA,Bell's Brewery,Michigan,2020,,,,,,
Indian Brown Dark IPA,Dogfish Head Craft Brewery,Delaware,2018,,,,,,
Coffee Stout Obsession,Connecticut Valley Brewing Co.,Connecticut,2019,,,,,,
Kilt Lifter Scottish Ale,Humble Monk Brewing Co.,Ohio,2019,,,,,,
Isar Nacht Dunkelweiss,HighGrain Brewing Co.,Ohio,2026,,,,,,
Winter White Ale,Bell's Brewery,Michigan,2015,,,,,,
Best Brown Ale,Bell's Brewery,Michigan,2015,,,,,,
Young's Double Chocolate Stout,Wells & Young's Brewing Co.,UK,2016,,,,,,
562 Lateral Oatmeal Sweet Stout,Listermann Brewing Co.,Ohio,2016,,,,,,
Fountain & Fairfax Milk Stout,Nine Giant Brewing,Ohio,2017,,,,,,
LazerSnake IPA,3 Floyds Brewing Co.,Indiana,2018,,,,,,
All the Boys Milkshake IPA,Bhramari Brewing,North Carolina,2018,,,,,,
Skull Splitter,Orkney Brewery,UK,2018,,,,,,
Incessant Double New England IPA,Bell's Brewery,Michigan,2020,,,,,,
Moozie Milk Stout,Brink Brewing Co.,Ohio,2021,,,,,,
Another One India Pale Ale,Maine Beer Co.,Maine,2022,,,,,,
Porter ,Green Man Brewery,North Carolina,2023,,,,,,
Première,Chimay Brewery,Belgium,2024,,,,,,
Bitrate Fluctuation Double India Pale Ale,Equilibrium Brewery / WeldWerks Brewing Co.,New York,2026,,,,,,
Eliot Ness Amber Lager,Great Lakes Brewing Co.,Ohio,2019,,,,,,
Official Hazy IPA,Bell's Brewery,Michigan,2019,,,,,,
Coffee Table Blonde Ale,MadTree Brewing Co.,Ohio,2019,,,,,,
Curmudgeon Old Ale,Founders Brewing Co.,Michigan,2017,,,,,,
Four Giant Double IPA,Founders Brewing Co.,Michigan,2017,,,,,,
Intergalactic IPA,Listermann Brewing Co.,Ohio,2015,,,,,,
Ocular Pat-Down Vanilla Coffee Porter,Odd Side Ales,Michigan,2018,,,,,,
Hairpin Turns Bock,Nine Giant Brewing,Ohio,2023,,,,,,
My Friends Over You New England IPA,Streetside Brewery / Nine Giant Brewing,Ohio,2023,,,,,,
Endless Echoes Hazy India Pale Ale,Jackie O's Brewery,Ohio,2023,,,,,,
Freak of Nature Double IPA,Wicked Weed Brewing,North Carolina,2020,,,,,,
Cloud Harvest 02 Unfiltered Juicy IPA,Rhinegeist Brewing Co.,Ohio,2020,,,,,,
Dunkel,Eurisko Beer Co.,Germany,2021,,,,,,
Odyssey New England India Pale Ale,Esoteric Brewing Co.,Ohio,2023,,,,,,
Hefeweissbier Dunkel,Weihenstephaner,Germany,2026,,,,,,
Gose,Hi-Wire Brewing,North Carolina,2017,,,,,,
Hannah Bavarian-Style Wheat Ale,Exile Brewing Co.,Iowa,2017,,,,,,
75 Minute IPA,Dogfish Head Craft Brewery,Delaware,2019,,,,,,
Montucky Cold Snack Lager,Montucky Cold Snacks,Montana,2022,,,,,,
Vienna Lager,Devils Backbone Brewing Co.,Austria,2022,,,,,,
10W-40 Churro Imperial Stout,Hi-Wire Brewing,North Carolina,2025,,,,,,
Iron Maiden Hellcat India Pale Lager,BrewDog,UK,2022,,,,,,
Hershey's Chocolate Porter ,D. G. Yuengling & Son,Pennsylvania,2022,,,,,,
Third Eye Brewing Higher Consciousness Scotch Ale,Third Eye Brewing Co.,Ohio,2023,,,,,,
The Substance Ale IPA,Bissell Brothers,Maine,2023,,,,,,
Pegleg Imperial Stout,Heavy Seas Beer,Maryland,2014,,,,,,
10 Ton Oatmeal Stout,Warped Wing Brewing Co.,Ohio,2016,,,,,,
Quinannan Falls Special Lager Beer,Bell's Brewery,Michigan,2017,,,,,,
70K Bourbon Barrel Aged Imperial Stout,Against the Grain Brewery & Smokehouse,Kentucky,2018,,,,,,
To Dream NE-Style Hazy IPA,Revision Brewing Co.,Nevada,2020,,,,,,
King Sue Double India Pale Ale,Toppling Goliath Brewing Co.,Iowa,2020,,,,,,
Vlad Imperial Stout,Royal Docks Brewing Co.,Ohio,2021,,,,,,
Quantum Drops Double India Pale Ale,Equilibrium Brewery,New York,2024,,,,,,
Star Light Double India Pale Ale,Equilibrium Brewery,New York,2024,,,,,,
Good Vibes West Coast Style India Pale Ale,Voodoo Brewery,Pennsylvania,2024,,,,,,
Eye Wide Open Coffee & Vanilla Milk Stout,Third Eye Brewing Co.,Ohio,2024,,,,,,
Swiss Chocolate Stout,March First Brewing,Ohio,2019,,,,,,
Smile More India Pale Ale,Anchorage Brewing Co.,Alaska,2023,,,,,,
Brewtus Coffee Porter,ELK Brewing,Michigan,2017,,,,,,
Downtown Nut Brown Ale,R. Shea Brewing,Ohio,2020,,,,,,
Icelandic Wee Heavy Scotch Ale,Einstök Ölgerð,Iceland,2021,,,,,,
Pale Ale,Sierra Nevada Brewing Co.,California,2022,,,,,,
Captain Stardust Saison,Yellow Springs Brewery,Ohio,2017,,,,,,
Above the Clouds With Trve Festbier,Bhramari Brewing,North Carolina,2021,,,,,,
Ibex Weizen Bock ,HighGrain Brewing Co.,Ohio,2023,,,,,,
Attention Please! Double IPA,Bearded Iris Brewing,Tennessee,2022,,,,,,
Like Clockwork Dunkelweizen,Nine Giant Brewing,Ohio,2018,,,,,,
Hazelnut Latte,Taft's Brewing Co.,Ohio,2020,,,,,,
Isar Weiss Hefeweizen,HighGrain Brewing Co.,Ohio,2020,,,,,,
Age of Otters India Pale Ale,3 Floyds Brewing Co.,Indiana,2024,,,,,,
BamBaLam Breakfast Stout,Zaftig Brewing Co.,Ohio,2019,,,,,,
Oktoberfest,Great Lakes Brewing Co.,Ohio,2014,,,,,,
Amber,Alaskan Brewing Co.,Alaska,2017,,,,,,
Pilgrim Fall Ale,MadTree Brewing Co.,Ohio,2017,,,,,,
Art Deco IPA,Dancing Gnome Brewery,Pennsylvania,2022,,,,,,
Homestyle IPA ,Bearded Iris Brewing,Tennessee,2022,,,,,,
Slightly Mighty Lo-Cal IPA,Dogfish Head Craft Brewery,Delaware,2024,,,,,,
Toasted Coconut & Cinnamon Imperial Stout,Parsons North Brewing Co.,Ohio,2025,,,,,,
Single Origin Coffee Stout ,Masthead Brewing Co.,Ohio,2026,,,,,,
Leaf Creepers Double Dry Hopped Imperial India Pale Ale,Other Half Brewing Co.,New York,2026,,,,,,
Maduro Brown Ale,Cigar City Brewing,Florida,2021,,,,,,
Death by Coconut Irish Style Porter,Oskar Blues Brewery,Colorado,2019,,,,,,
Who Cooks For You Double Dry-Hopped Hazy Pale Ale,Jackie O's Brewery,Ohio,2019,,,,,,
Amazonas II Fresh Hop Saison,HighGrain Brewing Co.,Ohio,2020,,,,,,
Nosferatu Imperial Red Ale,Great Lakes Brewing Co.,Ohio,2020,,,,,,
Red Martian Slushee Style Sour,Platform Beer Co.,Ohio,2020,,,,,,
Quad Transmigration of Souls Quadruple Dry-Hopped DIPA,Orpheus Brewing,Georgia,2021,,,,,,
Nutter Your Business Peanut Butter Stout,Grand Armory Brewing Co.,Michigan,2026,,,,,,
Iliad Double Dry Hopped New England IPA,Esoteric Brewing Co.,Ohio,2025,,,,,,
Black Chocolate Stout,Brooklyn Brewery,New York,2020,,,,,,
St. Charles Porter,Blackstone Restaurant and Brewery,North Carolina,2014,,,,,,
Belgian Style Blonde,West Sixth Brewing Co.,Kentucky,2016,,,,,,
Crooked Line Stompin' Grounds Coffee Stout,Uinta Brewing Co.,Utah,2016,,,,,,
60 Minute IPA,Dogfish Head Craft Brewery,Delaware,2017,,,,,,
Hefe-Weissbier,Weihenstephaner,Germany,2013,,,,,,
Cinq Cents,Chimay Brewery,Belgium,2015,,,,,,
One 10 Coffee Stout,Black Acre Brewing Co.,Indiana,2020,,,,,,
Fantasyland Midwest Coast IPA,Urban Chestnut Brewing Co.,Missouri,2020,,,,,,
Light Hearted Ale Lo-Cal IPA,Bell's Brewery,Michigan,2020,,,,,,
Most Hefinitely Hefeweizen,Third Eye Brewing Co.,Ohio,2023,,,,,,
Oatopia Oat Cream IPA,Wandering Monsters Brewing Co.,Ohio,2024,,,,,,
Hazy Jane New England IPA,BrewDog,UK,2024,,,,,,
Freakbeat India Pale Ale,Cartridge Brewing,Ohio,2023,,,,,,
Panther Robust Porter,Rhinegeist Brewing Co.,Ohio,2016,,,,,,
Shotgun Wedding,Country Boy Brewing,Kentucky,2017,,,,,,
Hops & Wheat Ale,Mt. Carmel Brewing Co.,Ohio,2017,,,,,,
Moo-Hoo Chocolate Milk Stout,Terrapin Beer Co.,Georgia,2019,,,,,,
Chocolate Hazelnut Porter,Heretic Brewing & Distilling,California,2021,,,,,,
Brilliant Corners Barrel Aged Belgian Quad,Nine Giant Brewing,Ohio,2023,,,,,,
Aventinus Weizen-Doppelbock,G. Schneider & Sohn,Germany,2024,,,,,,
Metal Head Double IPA,Nickel Brook Brewing Co.,Canada,2021,,,,,,
Irish Stout ,King Street Brewing Co.,Alaska,2023,,,,,,
Hop Dr. Hazy IPA ,Shellring Ale Works,South Carolina,2023,,,,,,
Emerald Parkway Irish Red Ale,Seventh Son Brewing Co. / The Getaway Brewing Co.,Ohio,2024,,,,,,
S'morty Pastry Stout,Listermann Brewing Co.,Ohio,2024,,,,,,
Oil Change Barrel Aged Stout,Bad Dad Brewing Co.,Indiana,2025,,,,,,
Fireside Chat,21st Amendment Brewery,California,2013,,,,,,
Nut Brown Ale,Mt. Carmel Brewing Co.,Ohio,2015,,,,,,
Tastee Whip Ice Cream Ale,Fifty West Brewing Co.,Ohio,2015,,,,,,
Hi-Res,Sixpoint Brewery,New York,2016,,,,,,
Paint Stripper Dripper,South Ave Brewing Co.,Ohio,2019,,,,,,
Chocolate Cherry Milk Stout,HighGrain Brewing Co.,Ohio,2021,,,,,,
Cease and Desist Oatmeal Cream Pie Porter ,Resident Culture Bewing Co.,North Carolina,2025,,,,,,
S'more Stout,Short's Brewing Co.,Michigan,2018,,,,,,
Higher Purpose Milk Stout,Third Eye Brewing Co.,Ohio,2022,,,,,,
Cloud Harvest Double Dry Hopped Hazy India Pale Ale,Rhinegeist Brewing Co.,Ohio,2022,,,,,,
Megaphone Irish Style Red Ale,Inside the Five Brewing Co.,Ohio,2026,,,,,,
El Dorado High Imperial IPA,MadTree Brewing Co.,Ohio,2019,,,,,,
Voodoo Ranger 1985 IPA,New Belgium Brewing Co.,Colorado,2020,,,,,,
Chocolate Peanut Butter Cookie Pastry Stout,Untitled Art,Wisconsin,2023,,,,,,
Witness the Citrus Double Dry-Hopped New England IPA,Country Boy Brewing,Kentucky,2025,,,,,,
Peanut Butter Cup Porter ,Sun King Brewing Co.,Indiana,2025,,,,,,
Trash Panda Coffee Blonde Ale,Metazoa Brewing Co.,Indiana,2024,,,,,,
Stock Ale Aged in Bulleit Bourbon,Guinness Ltd.,Ireland,2020,,,,,,
Stout,Lion Brewery,Pennsylvania,2014,,,,,,
1337 Ale,Victory Brewing Co.,Pennsylvania,2014,,,,,,
Franz,Rhinegeist Brewing Co.,Ohio,2014,,,,,,
Oktoberfest,Goose Island Beer Co.,Illinois,2014,,,,,,
Loose Cannon Hop3 IPA,Heavy Seas Beer,Maryland,2015,,,,,,
Bonfire Brown,Saugatuck Brewing Co.,Michigan,2016,,,,,,
Dead Blow Tropical Stout,Braxton Brewing Co.,Kentucky,2016,,,,,,
Oktoberfest,Woodburn Brewery,Ohio,2016,,,,,,
Biggie East Coast IPA,Listermann Brewing Co.,Ohio,2017,,,,,,
Azacca IPA,Founders Brewing Co.,Michigan,2017,,,,,,
FC Cincinnati Blood Orange IPA,Christian Moerlein Brewing Co.,Ohio,2017,,,,,,
Fugli Yuzu & Ugli Fruit IPA,Oskar Blues Brewery,Colorado,2017,,,,,,
Blown Gasket Robust Porter,Braxton Brewing Co.,Kentucky,2018,,,,,,
Moonlight Lager,Fifty West Brewing Co.,Ohio,2018,,,,,,
Gumballhead Wheat  Beer,3 Floyds Brewing Co.,Indiana,2018,,,,,,
Are You Ready For Some Darkness,MadTree Brewing Co.,Ohio,2018,,,,,,
Larry Flynt 2.0,South Ave Brewing Co.,Ohio,2019,,,,,,
Split Shot Espresso Milk Stout,Elysian Brewing Co.,Washington,2019,,,,,,
2017 Bourbon County Brand Stout,Goose Island Beer Co.,Illinois,2020,,,,,,
Irreguliner Fruited Berliner Style Weisse,Bircus Brewing Co.,Kentucky,2020,,,,,,
Mad Elf Grand Cru 2019,Troegs Brewing Co.,Pennsylvania,2020,,,,,,
Campfire Amplifier Milk Stout,Dogfish Head Craft Brewery,Delaware,2021,,,,,,
Dreaming Cows Milk Stout,Big Ash Brewing,Ohio,2021,,,,,,
Heated Agreement Hazy DIPA,Fair State Brewing Cooperative,Minnesota,2022,,,,,,
Untapped Potential Kolsch,Third Eye Brewing Co.,Ohio,2022,,,,,,
Nines Are Wild DIPA,Rhinegeist Brewing Co.,Ohio,2022,,,,,,
Früh Kolsch,Brauerei Früh am Dom,Germany,2022,,,,,,
Weihenstephaner Helles,Bayerische Staatsbrauerei Weihenstephan,Germany,2023,,,,,,
Icelandic Toasted Porter,Einstök Ölgerð,Iceland,2023,,,,,,
Bagel & Schmear Double Dry Hopped India Pale Ale ,Other Half Brewing Co.,New York,2023,,,,,,
Speedway Stout Affogato,AleSmith Brewing Co.,California,2023,,,,,,
Cincy Light Lager,Rhinegeist Brewing Co.,Ohio,2024,,,,,,
Dunkel,Hofbrauhaus Freising,Germany,2024,,,,,,
Back to School West Coast Style India Pale Ale,Fifty West Brewing Co.,Ohio,2025,,,,,,
X Hero Juicy Rush IPA Hazy Imperial IPA,Revolution Brewing,Illinois,2025,,,,,,
Breakfast Juice Mountain Haze I.P.A.,Gatlinburg Brewing Co.,Tennessee,2025,,,,,,
Not You Too West Coast Style DIPA,The Veil Brewing Co.,Virginia,2026,,,,,,
Pale Ale,Tributary Brewing Co.,Ohio,2023,,,,,,
Midday Snack Chocolate Peanut Butter Swirl Milkshake Stout ,Abomination Brewing,Connecticut,2023,,,,,,
"Operation Flintlock Stout with Coffee, Vanilla and Lactose",Listermann Brewing Co.,Ohio,2023,,,,,,
Kuronami Schwarzbier,Mellotone Beer Project,Ohio,2026,,,,,,
You Betcha! NE IPA,Sonder Brewing,Ohio,2019,,,,,,
Debonair Dry Irish Stout,Nine Giant Brewing,Ohio,2025,,,,,,
Old Man Grumpy Pale Ale,Goose Island Beer Co.,Illinois,2019,,,,,,
SeaQuench Ale Session Sour,Dogfish Head Craft Brewery,Delaware,2018,,,,,,
Light Speed  Hazy IPA ,BrewDog,UK,2023,,,,,,
Spaten Oktoberfest Ur-Märzen,Spaten-Franziskaner-Bräu,Germany,2025,,,,,,
Flesh & Blood IPA,Dogfish Head Craft Brewery,Delaware,2017,,,,,,
The Audacity of Hops,Cambridge Brewing Co.,Massachusetts,2013,,,,,,
Back In Black IPA,21st Amendment Brewery,California,2015,,,,,,
Psychopathy IPA,MadTree Brewing Co.,Ohio,2018,,,,,,
Brewer's Reserve Bourbon Barrel Stout,Central Waters Brewing Co.,Wisconsin,2019,,,,,,
Oktoberfest Lager,Country Boy Brewing,Kentucky,2021,,,,,,
Hennepin Saison Ale,Brewery Ommegang,New York,2014,,,,,,
Black Butte Porter,Deschutes Brewery,Oregon,2014,,,,,,
After Rakin' Autumn Ale,Breckenridge Brewery,Colorado,2013,,,,,,
Flipside Red IPA,Sierra Nevada Brewing Co.,California,2013,,,,,,
Newcastle Brown Ale,Tadcaster Brewery,UK,2014,,,,,,
Extra Special Bitter Ale,Alaskan Brewing Co.,Alaska,2014,,,,,,
Shiner Oktoberfest,Spoetzl Brewery,Texas,2015,,,,,,
The Hum Low-Frequency Porter,Mystic Brewery,Massachusetts,2016,,,,,,
Greenwood Porter,Southern Grist Brewing Co.,Tennessee,2024,,,,,,
Jam Out Mixed Berry Sour Ale,Fifty West Brewing Co.,Ohio,2024,,,,,,
Christmas Ale,Brouwerij St. Bernardus NV,Belgium,2021,,,,,,
Eugene Porter,Revolution Brewing,Illinois,2014,,,,,,
Draught,Guinness Ltd.,Ireland,2015,,,,,,
When the Lights Go Out Coffee Porter,Sun King Brewing Co.,Indiana,2019,,,,,,
Salvator Double Bock,Paulaner Brauerei München,Germany,2020,,,,,,
Keeneland Fall Ale Pale Ale,Country Boy Brewing,Kentucky,2020,,,,,,
Lustra,Dancing Gnome Brewery,Pennsylvania,2022,,,,,,
Sonic Nurse New England IPA,Nine Giant Brewing,Ohio,2025,,,,,,
Schwarzbier Dark Lager,Deschutes Brewery / Bell's Brewery,Oregon,2018,,,,,,
Holiday White Ale,Boston Beer Co.,Massachusetts,2022,,,,,,
Wake the F*** Up Brown Ale,Bhramari Brewing,North Carolina,2022,,,,,,
Double Dry Hop Pseudo Sue Pale Ale,Toppling Goliath Brewing Co.,Iowa,2023,,,,,,
Maltings Irish Ale,Sullivan's Brewing Co.,Ireland,2023,,,,,,
Voodoo Ranger Juice Force Hazy Imperial IPA,New Belgium Brewing Co.,Colorado,2023,,,,,,
Kokua Hazy Pale Ale,Streetside Brewery,Ohio,2024,,,,,,
Samuel Adams Boston Lager,Boston Beer Co.,Massachusetts,2014,,,,,,
Hudepohl Pure Lager,Hudepohl-Schoenling Brewing Co.,Ohio,2016,,,,,,
PSA Proper Session Ale,MadTree Brewing Co.,Ohio,2016,,,,,,
Grapefruit Moon IPA Shandy,Harmony Brewing Co.,Michigan,2017,,,,,,
Craft Lager,March First Brewing,Ohio,2018,,,,,,
Pseudo Sue Pale Ale,Toppling Goliath Brewing Co.,Iowa,2022,,,,,,
Ides of Haze Hazy IPA,Wolf's Ridge Brewing,Ohio,2023,,,,,,
Icelandic White Ale ,Einstök Ölgerð,Iceland,2025,,,,,,
Smoked Porter,South Ave Brewing Co.,Ohio,2020,,,,,,
Country Legends Porter,Jackie O's Brewery,Ohio,2019,,,,,,
Work From Home Brunch Coffee Stout,Seventh Son Brewing Co.,Ohio,2020,,,,,,
Hobgoblin Dark English Ale,Wychwood,UK,2014,,,,,,
Moon Bear Milk Stout,Clown Shoes,Massachusetts,2018,,,,,,
Collaboration Lager,Jacob Leinenkugel Brewing Co. / Hofbrauhaus,Wisconsin,2021,,,,,,
Grateful Dead Juicy Pale Ale,Dogfish Head Craft Brewery,Delaware,2025,,,,,,
Bourbon-Barrel Aged Descendant Suffolk Dark Ale,Mystic Brewery,Massachusetts,2018,,,,,,
Finally Legal Bourbon Barrel Aged Stout,Weyerbacher Brewing Co.,Pennsylvania,2019,,,,,,
Duvel Rustica,Brewery Ommegang,New York,2014,,,,,,
Samuel Adams Oktoberfest,Boston Beer Co.,Massachusetts,2014,,,,,,
Graeter's Blueberry Pie Brown Ale,Braxton Brewing Co.,Kentucky,2017,,,,,,
Kappa Flounder Hazy India Pale Ale,Rhinegeist Brewing Co.,Ohio,2022,,,,,,
Regular Beer,DuClaw Brewing Co,Maryland,2022,,,,,,
Belgian Strong Blond,Brouwerij Duvel Moortgat NV,Belgium,2023,,,,,,
Oubliette Imperial Stout ,Seventh Son Brewing Co.,Ohio,2023,,,,,,
Gold Rush Double IPA,HighGrain Brewing Co.,Ohio,2025,,,,,,
Alpsi Dunkel Lager,HighGrain Brewing Co.,Ohio,2023,,,,,,
Blind Tiger Tavern Style Pale Ale,Barley Island Brewing Co.,Indiana,2013,,,,,,
Nut Brown,Ale Smith Brewing Co.,California,2018,,,,,,
Oatmeal Raisin Cookie Brown Ale,Cigar City Brewing,Florida,2019,,,,,,
Gorch Fock German Style Helles Lager,3 Floyds Brewing Co.,Indiana,2019,,,,,,
Jungle Rajah Juicey India Pale Ale,The Brew Kettle Taproom & Smokehouse,Ohio,2023,,,,,,
Stiegl Goldbräu,Stieglbrauerei zu Salzburg GmbH,Austria,2023,,,,,,
Ermal's Dunkelweizen Ale,Warped Wing Brewing Co.,Ohio,2024,,,,,,
Citrus Rush Double IPA,HighGrain Brewing Co.,Ohio,2026,,,,,,
Jolly Tar Oatmeal Raisin Rye,Warped Wing Brewing Co.,Ohio,2017,,,,,,
No Hero Oatmeal Stout,Evil Twin Brewing,Denmark,2017,,,,,,
Home Sweet Home Brown Ale,Fifty West Brewing Co.,Ohio,2020,,,,,,
Jackpot Joey Gamdeday Ale,Brink Brewing Co.,Ohio,2024,,,,,,
Liberty Ale,Anchor Brewing Co.,California,2014,,,,,,
Citra Ass Down Double India Pale Ale,Against the Grain Brewery & Smokehouse,Kentucky,2017,,,,,,
2XSMASH Double India Pale Ale,Southern Tier Brewing Co.,New York,2018,,,,,,
Fox in the Stout Salted Chocolate Imperial Stout,Seventh Son Brewing Co.,Ohio,2023,,,,,,
Sam '76,Boston Beer Co.,Massachusetts,2018,,,,,,
Grove American Pale Ale,Mellotone Beer Project,Ohio,2026,,,,,,
Tart Cherry W-n-B Coffee Oatmeal Imperial Stout,Terrapin Beer Co.,Georgia,2019,,,,,,
Batch #16 Imperial Stout,Nowhere In Particular Brewing Co.,Ohio,2018,,,,,,
Space Station: Middle Finger,3 Floyds Brewing Co.,Indiana,2015,,,,,,
Out of Your Gourd Pumpkin Porter,Redhook Ale Brewery,New Hampshire,2016,,,,,,
Bass Pale Ale,Bass Brewers Limited,UK,2017,,,,,,
1ZENUFF Imperial IPA,Revolution Brewing,Illinois,2017,,,,,,
Fat Tire Belgian White,New Belgium Brewing Co.,Colorado,2017,,,,,,
Trey Amber,Fretboard Brewing Co.,Ohio,2018,,,,,,
Voodoo Love Child Belgian Style Ale Aged on Fruit,Voodoo Brewery,Pennsylvania,2019,,,,,,
Dragon's Milk White: Bourbon Barrel-Aged White Stout,New Holland Brewing Co.,Michigan,2019,,,,,,
Super Duper Stout,Evil Twin Brewing,Denmark,2019,,,,,,
Los Gatos Black Lager,Asheville Brewing Co.,North Carolina,2021,,,,,,
Crowd Control DIPA,BlackStone Brewing Co.,Tennessee,2022,,,,,,
Crown and Crate Double IPA With Honey & Lactose,Trillium Brewing,Massachusetts,2024,,,,,,
O.K. Beer Full Pale Ale,Browar Okocim,Poland,2024,,,,,,
"Luke, I Am Your Lager Schwarzbier",Grainworks Brewing Co.,Ohio,2025,,,,,,
Virunga Mist Strong Beer,Skol,Rwanda,2025,,,,,,
Third Eye P.A. West Coast IPA,Third Eye Brewing Co.,Ohio,2025,,,,,,
Head Tide Rye Ale,Fogtown Brewing Co.,Maine,2019,,,,,,
Glitter Freeze,Streetside Brewery,Ohio,2018,,,,,,
Cheeky Bastard Stout,Nickel Brook Brewing Co.,Canada,2019,,,,,,
Pterodactyl Hefeweizen,Little Miami Brewing Co.,Ohio,2020,,,,,,
Bourbon Barrel Aged Kringle Belgian Quad,Braxton Brewing Co.,Kentucky,2022,,,,,,
Kentucky Vanilla Barrel Cream Ale,Alltech's Lexington Brewing Co.,Kentucky,2018,,,,,,
Curmudgeon's Better Half,Founders Brewing Co.,Michigan,2019,,,,,,
Crushing Mass Barrel Aged Coffee Stout,3 Floyds Brewing Co.,Indiana,2022,,,,,,
Deathly Mallows Toasted Marshmallow Milk Stout,Royal Docks Brewing Co.,Ohio,2022,,,,,,
Barrel Aged Double Dipped Banana Split Milk Stout,Saugatuck Brewing Co.,Michigan,2023,,,,,,
$60 Nachos Double India Pale Ale,Hoof Hearted Brewing,Ohio,2026,,,,,,
Blue Moon Belgian White,Blue Moon Brewing Co.,Colorado,2013,,,,,,
In Heat Wheat,Flying Dog Brewery,Maryland,2013,,,,,,
Weißbier,Erdinger Weißbräu,Germany,2013,,,,,,
Salted Carm-Ale,Rivertown Brewing Co.,Ohio,2018,,,,,,
Aged Scotsman,Wooden Cask Brewing Co.,Kentucky,2019,,,,,,
RadioVision Hazy India Pale Ale,Warped Wing Brewing Co.,Ohio,2022,,,,,,
Thunder Snow Spiced Scottish Ale,MadTree Brewing Co.,Ohio,2023,,,,,,
The Dan Munich Dunkel,Nocterra Brewing Co.,Ohio,2025,,,,,,
Hog Heaven Imperial Red IPA,Avery Brewing Co.,Colorado,2017,,,,,,
G.I.L. German Style Lager,West Side Brewing Co.,Ohio,2019,,,,,,
Alpha Klaus Christmas Porter,3 Floyds Brewing Co.,Indiana,2020,,,,,,
Helles Lager,Rivertown Brewing Co.,Ohio,2013,,,,,,
Bay of Bengal Double IPA,Christian Moerlein Brewing Co.,Ohio,2015,,,,,,
Belgian White,Shock Top Brewing Co.,Missouri,2015,,,,,,
Maximus IPA,Lagunitas Brewing Co.,California,2016,,,,,,
Beer For Breakfast Stout,Dogfish Head Craft Brewery,Delaware,2016,,,,,,
Double Edge Sword Double IPA,Paladin Brewing,Ohio,2017,,,,,,
Zombie Ice Double Pale Ale,3 Floyds Brewing Co.,Indiana,2023,,,,,,
Gamma Bomb IPA,Warped Wing Brewing Co.,Ohio,2019,,,,,,
Double Dramanatrix Russian Imperial Stout,Saugatuck Brewing Co.,Michigan,2020,,,,,,
Hazecraft IPA,Great Lakes Brewing Co.,Ohio,2020,,,,,,
Calla IPA,Yazoo Brewing Co.,Tennessee,2022,,,,,,
What's His Nuts Peanut Butter Coffee Stout ,Saucy Brew Works,Ohio,2025,,,,,,
Blue Moon Agave Nectar Ale,Blue Moon Brewing Co.,Colorado,2013,,,,,,
Oktoberfest,Sierra Nevada Brewing Co.,California,2018,,,,,,
Exposure 004 Carbon Neutral India Pale Ale,HighGrain Brewing Co.,Ohio,2020,,,,,,
Revision IPA,Revision Brewing Co.,Nevada,2020,,,,,,
Reaper Double IPA,RaR Brewing,Maryland,2022,,,,,,
Cookie Exchange Milk Stout,Great Lakes Brewing Co.,Ohio,2024,,,,,,
Yorkshire Stingo,Samuel Smith Old Brewery,UK,2014,,,,,,
Censored,Lagunitas Brewing Co.,California,2015,,,,,,
Barney Flats Oatmeal Stout,Anderson Valley Brewing Co.,California,2016,,,,,,
Hoss Oktoberfest Lager,Great Divide Brewing Co.,Colorado,2016,,,,,,
Relief Session IPA,The Mitten Brewing Co.,Michigan,2017,,,,,,
Snake Eyes Imperial Stout,West Sixth Brewing Co.,Kentucky,2018,,,,,,
Zirkusfest Oktoberfest,Hi-Wire Brewing,North Carolina,2018,,,,,,
Hit the Road Jack Brown Ale,Fifty West Brewing Co.,Ohio,2019,,,,,,
Nimble Giant Double IPA,Troegs Brewing Co.,Pennsylvania,2019,,,,,,
Baltic Porter,March First Brewing,Ohio,2020,,,,,,
Scooter Blood Orange Radler Ale,Braxton Brewing Co.,Kentucky,2021,,,,,,
Festbier,Bitburger Brauerei,Germany,2022,,,,,,
Humbolt Blonde Cocoa Coffee Stout,HighGrain Brewing Co.,Ohio,2022,,,,,,
Antelope Amber Lager,Rhinegeist Brewing Co.,Ohio,2023,,,,,,
Kenny's Dey Drinkin' Lager,16 Lots Brewing Co.,Ohio,2023,,,,,,
Beer For Humans Easy Hop Ale,Rhinegeist Brewing Co.,Ohio,2023,,,,,,
Speedway Stout Hawaiian Edition,AleSmith Brewing Co.,California,2023,,,,,,
Matrix Marzen German-Style Lager,Cartridge Brewing,Ohio,2023,,,,,,
All Black Everything Breakfast Stout,Esoteric Brewing Co.,Ohio,2024,,,,,,
Mac the Willis Irish Red Ale,MadTree Brewing Co.,Ohio,2024,,,,,,
Kingfisher Premium Lager,United Breweries,India,2024,,,,,,
Main Street Amber Ale,Fifty West Brewing Co.,Ohio,2024,,,,,,
Lusen Pilsner,HighGrain Brewing Co.,Ohio,2025,,,,,,
Samuel Adams Porch Rocker Lemon Radler,Boston Beer Co.,Massachusetts,2025,,,,,,
Reef Knot Summer Beer,Half Acre Beer Co.,Illinois,2025,,,,,,
Caramelicious Milk Stout,Platform Beer Co.,Ohio,2020,,,,,,
Heyzeus Mexican Style Lager,Melvin Brewing,Wyoming,2019,,,,,,
Oktoberfest Marzen,Grainworks Brewing Co.,Ohio,2021,,,,,,
Shake Dark Chocolate Porter,Boulder Beer,Colorado,2021,,,,,,
Cosmic Slop Double Dry Hopped India Pale Ale,Branch & Bone Artisan Ales,Ohio,2022,,,,,,
Oktoberfest Festbier Style Lager,Esoteric Brewing Co.,Ohio,2023,,,,,,
Dale's Pale Ale,Oskar Blues Brewery,Colorado,2014,,,,,,
Firefly Amber,Jackie O's Brewery,Ohio,2015,,,,,,
Prodigal American Pale Ale,Ei8ht Ball Brewing,Kentucky,2015,,,,,,
Dead Guy Ale,Rogue Ales,Oregon,2016,,,,,,
White Rascal Belgian-Style White Ale,Avery Brewing Co.,Colorado,2016,,,,,,
Mandarina Wheat IPA,City Built Brewing Co.,Michigan,2017,,,,,,
Fruition Dry-Hopped Wheat Ale,Brewery Ommegang,New York,2017,,,,,,
Hi-5 IPA,Terrapin Beer Co.,Georgia,2018,,,,,,
Cheer Team Ale,3 Floyds Brewing Co.,Indiana,2021,,,,,,
Thanks For Letting Us Play Tonight Double Dry Hopped Pale Ale,Hoof Hearted Brewing,Ohio,2021,,,,,,
Club Colombia Dorado Golden Lager,Cervecería Bavaria,Colombia,2024,,,,,,
Trash Panda India Pale Ale,Lost Forty Brewing,Arkansas,2026,,,,,,
Christmas Ale,Bell's Brewery,Michigan,2013,,,,,,
Imperial Doughnut Break,Evil Twin Brewing,Denmark,2024,,,,,,
Soak City Juicy IPA,16 Lots Brewing Co.,Ohio,2024,,,,,,
Double Gavel Banger DIPA,Taft's Brewing Co.,Ohio,2020,,,,,,
Fable Baltic Porter,MadTree Brewing Co.,Ohio,2022,,,,,,
Husky IPA,Alaskan Brewing Co.,Alaska,2024,,,,,,
Maržujsko Croatian-Style Lager,Marz Community Brewing Co.,Croatia,2025,,,,,,
Woody Creek Belgian White,Flying Dog Brewery,Maryland,2014,,,,,,
Summer Solstice Ale,Anderson Valley Brewing Co.,California,2023,,,,,,
Nu Skool IPA,Southern Tier Brewing Co.,New York,2017,,,,,,
Dun Dun Dun Double India Pale Ale,Hop Butcher for the World,Illinois,2023,,,,,,
///Fear.Movie.Lions Unfiltered Double IPA,Stone Brewing Co.,California,2018,,,,,,
Rothaus Pils Tannen Zäpfle,Badische Staatsbrauerei Rothaus AG,Germany,2020,,,,,,
Hoppy Bobby Clear Golden Pale Ale,Cherry Republic Brewing Co.,Michigan,2023,,,,,,
Oktoberfest Lager,Toppling Goliath Brewing Co.,Iowa,2024,,,,,,
Ellie's Brown Ale,Avery Brewing Co.,Colorado,2020,,,,,,
Southern Passion,Devils Backbone Brewing Co.,Virginia,2018,,,,,,
Old-Style Porter,St. Peter's Brewery Co.,UK,2020,,,,,,
Haunted Hayride Pumpkin Ale,Masthead Brewing Co.,Ohio,2021,,,,,,
Brown Ale,West Side Brewing,Ohio,2022,,,,,,
Frisch's Pumpkin Pie Ale,Taft's Brewing Co.,Ohio,2022,,,,,,
Nirvana or Bust Double Dry Hopped NEIPA,Third Eye Brewing Co.,Ohio,2023,,,,,,
Space Camper Cosmic IPA,Boulevard Brewing Co.,Missouri,2019,,,,,,
All Day IPA,Founders Brewing Co.,Michigan,2014,,,,,,
Lager Beer,Bell's Brewery,Michigan,2014,,,,,,
Brew Free or Die IPA,21st Amendment Brewery,California,2014,,,,,,
Gaelic Ale,Highland Brewing Co.,North Carolina,2014,,,,,,
Storm Golden Cream Ale,Braxton Brewing Co.,Kentucky,2016,,,,,,
CreepShow Smoked Porter,Warped Wing Brewing Co.,Ohio,2016,,,,,,
Citra High Imperial IPA,MadTree Brewing Co.,Ohio,2017,,,,,,
Brown Ale,Unveiled Brewing Co.,California,2019,,,,,,
Bourbon Barrel Aged Corruption,Wooden Cask Brewing Co.,Kentucky,2019,,,,,,
Miles Davis' Bitches Brew,Dogfish Head Craft Brewery,Delaware,2019,,,,,,
Icelandic Toasted Porter,Einstök Ölgerð,Iceland,2021,,,,,,
Father G's Bees Honey Brown Ale,Brink Brewing Co.,Ohio,2022,,,,,,
Tunnel Vision DDH with Citra,Bearded Iris Brewing,Tennessee,2022,,,,,,
Unichrome Double IPA,Pipeworks Brewing Co.,Illinois,2022,,,,,,
Spaten Optimator Doppelbock,Spaten-Franziskaner-Bräu,Germany,2024,,,,,,
Dreh Vienna Lager,HighGrain Brewing Co.,Ohio,2024,,,,,,
Köstritzer Schwarzbier Black Lager,Köstritzer Schwarzbierbrauerei,Germany,2024,,,,,,
Filthy McNasty Russian Imperial Stout,North High Brewing Co.,Ohio,2019,,,,,,
George Killian's Irish Red,Coors Brewing Co.,Colorado,2018,,,,,,
Juicy Gossip Pale Ale,Bell's Brewery,Michigan,2021,,,,,,
Hoppy Wheat American Wheat Ale,West Side Brewing,Ohio,2022,,,,,,
Vanilla Java Porter,Atwater Brewing Co.,Michigan,2023,,,,,,
Honey Orange Tripel,New Belgium Brewing Co.,Coloh,2026,,,,,,
Hop Bomber Pale Ale,Rivertown Brewing Co.,Ohio,2013,,,,,,
Kentucky IPA,Alltech's Lexington Brewing Co.,Kentucky,2013,,,,,,
Wheat Ale,Upland Brewing Co.,Indiana,2013,,,,,,
West Sixth IPA,West Sixth Brewing Co.,Kentucky,2014,,,,,,
2015 Beer Camp: Hoppy Lager,Sierra Nevada Brewing Co.,California,2015,,,,,,
Milk Stout Nitro,Left Hand Brewing Co.,Colorado,2015,,,,,,
Chill Wave Double IPA,Great Lakes Brewing Co.,Ohio,2016,,,,,,
Victory at Sea Porter with Coffee and Vanilla,Ballast Point Brewing Co.,California,2016,,,,,,
Wilco Tango Foxtrot,Lagunitas Brewing Co.,California,2017,,,,,,
Heat Seeker Hazy Double India Pale Ale,Jackie O's Brewery,Ohio,2021,,,,,,
Helles,Zillicoah Beer Co.,North Carolina,2021,,,,,,
Lager,Skol,Rwanda,2023,,,,,,
Experimental J-Hole Red India Pale Ale,Rhinegeist Brewing Co.,Ohio,2018,,,,,,
Boom Sauce New England IPA,Lord Hobo Brewing Co.,Massachusetts,2020,,,,,,
Dead Ringer Oktoberfest,Ballast Point Brewing Co.,California,2018,,,,,,
Dunkin' Coffee Porter,Harpoon Brewery,Massachusetts,2019,,,,,,
Plead the 5th Imperial Stout,Dark Horse Brewing Co.,Michigan,2019,,,,,,
Nate's Coffee Stout,Country Boy Brewing,Kentucky,2019,,,,,,
Oktoberfest German-Style Marzen,Founders Brewing Co.,Michigan,2021,,,,,,
Baltic Porter,Uinta Brewing Co.,Utah,2014,,,,,,
Woodchuck Pumpkin Reserve,Vermont Hard Cider Co.,Vermont,2014,,,,,,
Coffee Brown Ale,Mt. Carmel Brewing Co.,Ohio,2015,,,,,,
Sweet Baby Java Espresso Bean Choc. PB Porter,DuClaw Brewing Co.,Maryland,2020,,,,,,
Moosehead Lager,Moosehead Breweries Ltd.,Canada,2023,,,,,,
Lurching Towards the Sun Imperial India Pale Ale,Magnify Brewing Co.,New Jersey,2024,,,,,,
Old No. 38 Stout,North Coast Brewing Co.,California,2025,,,,,,
Spotted Cow Ale,New Glarus Brewing Co.,Wisconsin,2015,,,,,,
Rounding Third Red IPA,MadTree Brewing Co.,Ohio,2015,,,,,,
Brown Shugga',Lagunitas Brewing Co.,California,2017,,,,,,
Schloppy Seconds,Atwater Brewing Co.,Michigan,2017,,,,,,
Mole Porter,Second Self Beer Co.,Georgia,2017,,,,,,
Miaou Belgian-Style Wheat Ale,Whiner Beer Co.,Illinois,2018,,,,,,
Passing Through IPA,Fifty West Brewing Co.,Ohio,2020,,,,,,
Turbo Reaper IPA,3 Floyds Brewing Co.,Indiana,2025,,,,,,
Wade Boggs Style,Mirror Twin Brewing,Kentucky,2025,,,,,,
Two Hearted Ale,Bell's Brewery,Michigan,2016,,,,,,
Bourbon Barrel Stout,Goodwood Brewing Co.,Kentucky,2016,,,,,,
Tangerine Wheat Ale,Lost Coast Brewery and Cafe,California,2025,,,,,,
Cloud Five Imperial IPA,Rhinegeist Brewing Co.,Ohio,2018,,,,,,
Vanilla Dark Ale,Unveiled Brewing Co.,California,2018,,,,,,
Mother of Dragons Smoked Porter,Brewery Ommegang,New York,2019,,,,,,
200th Anniversary Export Stout,Guinness Ltd.,Ireland,2019,,,,,,
Festbier German Style Party Lager,Listermann Brewing Co.,Ohio,2023,,,,,,
Teddy American IPA,HighGrain Brewing Co.,Ohio,2026,,,,,,
#9 Not Quite Pale Ale,Magic Hat,Vermont,2015,,,,,,
Sweet Baby Jesus Chocolate Peanut Butter Porter,DuClaw Brewing Co.,Maryland,2016,,,,,,
Hopsecutioner IPA,Terrapin Beer Co.,Georgia,2017,,,,,,
Abraxas Imperial Stout,Perennial Artisan Ales,Missouri,2022,,,,,,
Outlaw Pale Ale,HighGrain Brewing Co.,Ohio,2022,,,,,,
Strings Amber,Heart State Brewing,Ohio,2024,,,,,,
Mugshot Coffee Cream Ale,BrewDog,UK,2024,,,,,,
Amber Ale,West Side Brewing Co.,Ohio,2018,,,,,,
Brain Freeze Cold IPA,Nine Giant Brewing,Ohio,2026,,,,,,
Black Illusion English Dark Mild,Nine Giant Brewing,Ohio,2026,,,,,,
Hazy Little Thing IPA,Sierra Nevada Brewing Co.,California,2018,,,,,,
Cincy Cobra Hazy Citra IPA,Taft's Brewing Co.,Ohio,2019,,,,,,
Moher Plz Dry Irish Stout,HighGrain Brewing Co.,Ohio,2021,,,,,,
A Whole New World Pilsner,Listermann Brewing Co.,Ohio,2021,,,,,,
Heckler Juicy India Pale Ale,Northern Row Brewery,Ohio,2024,,,,,,
Rally Cap Hoppy Lager,Sonder Brewing,Ohio,2024,,,,,,
Panther Hollow Vanilla Porter,Millersburg Brewing Co.,Ohio,2017,,,,,,
Voodoo Ranger IPA,New Belgium Brewing Co.,Colorado,2017,,,,,,
Blackout Stout,Great Lakes Brewing Co.,Ohio,2019,,,,,,
We Be Jammin',Odd Side Ales,Michigan,2019,,,,,,
MFIPA: Mosaic Brut ,Paradox Beer Co.,Colorado,2019,,,,,,
Crazy Train Copper Ale,Fretboard Brewing Co.,Ohio,2023,,,,,,
El Camino Misfire Berliner Weisse Style Sour Ale,Other Half Brewing Co.,New York,2025,,,,,,
Mirror Pond Pale Ale,Deschutes Brewery,Oregon,2014,,,,,,
Roundhouse India Red Ale,Bell's Brewery,Michigan,2017,,,,,,
Baltic Porter,Founders Brewing Co.,Michigan,2018,,,,,,
Ruby Irish Red Ale,Wooden Cask Brewing Co.,Kentucky,2020,,,,,,
Hop Head NE IPA,Listermann Brewing Co.,Ohio,2023,,,,,,
The Road to Arcadia DH Pilsner with Phantasm,Listermann Brewing Co.,Ohio,2022,,,,,,
Mystic Mama India Pale Ale,Jackie O's Brewery,Ohio,2025,,,,,,
Far Star Cold Weather Lager,Half Acre Beer Co.,Illinois,2025,,,,,,
Finn Berliner Style Pale Ale,Urban Artifact,Ohio,2018,,,,,,
"Suh, Brah? New England Style IPA",Streetside Brewery,Ohio,2018,,,,,,
DankeChain Oktoberfest,West Sixth Brewing Co.,Kentucky,2018,,,,,,
Oktoberfest,Coop Ale Works,Oklahoma,2018,,,,,,
Brew Force New England IPA,Listermann Brewing Co.,Ohio,2019,,,,,,
Striga East India Porter,Seventh Son Brewing Co.,Ohio,2021,,,,,,
Peak Conditions Hazy Double IPA,Stone Brewing Co.,California,2022,,,,,,
Social Hour Social Experiment,Santa Fe Brewing Co.,New Mexico,2026,,,,,,
Thunder Oat IPA,North Peak Brewing Co.,Michigan,2017,,,,,,
Vanilla Oak Aged Yeti Imperial Stout,Great Divide Brewing Co.,Colorado,2018,,,,,,
Ayinger Altbairisch Dunkel,Brauerei Aying,Germany,2019,,,,,,
Oak-Aged Siracusa Nera,Dogfish Head Craft Brewery,Delaware,2019,,,,,,
Extra Dry Sake Style Saison Ale,Stillwater Artisanal Ales,Maryland,2025,,,,,,
Lagerstadt Oktoberfest Lager,Warped Wing Brewing Co.,Ohio,2025,,,,,,
Holster Hazelnut Cream Stout,Cartridge Brewing,Ohio,2023,,,,,,
The Famous Taddy Porter,Samuel Smith Old Brewery,UK,2017,,,,,,
Off Black Black Pilsner,Hopewell Brewing Co.,Illinois,2026,,,,,,
Dubhe Imperial Black IPA,Uinta Brewing Co.,Utah,2013,,,,,,
Banana Bread Beer,Wells & Young's Brewing Co.,UK,2013,,,,,,
Archangel Summer Wheat,North Peak Brewing Co.,Michigan,2013,,,,,,
Hard Cider Crisp Apple,Angry Orchard,New York,2013,,,,,,
Krampus Imperial Helles Lager,Southern Tier Brewing Co.,New York,2013,,,,,,
Imperial Stout,Samuel Smith Old Brewery,UK,2014,,,,,,
Hop Notch IPA,Uinta Brewing Co.,Utah,2014,,,,,,
Humboldt Brown,Nectar Ales,California,2014,,,,,,
UFO White,Harpoon Brewery,Massachusetts,2014,,,,,,
PumCan,MadTree Brewing Co.,Ohio,2014,,,,,,
Pearl Necklace Oyster Stout,Flying Dog Brewery,Maryland,2015,,,,,,
Half and Half (Guinness and Smithwick's),Guinness Ltd.,Ireland,2015,,,,,,
Jurata Baltic Porter,Coronado Brewing Co.,California,2015,,,,,,
Unfiltered Wheat,Boulevard Brewing Co.,Missouri,2015,,,,,,
West Coast IPA,Green Flash Brewing Co.,Virginia,2015,,,,,,
90 Minute IPA,Dogfish Head Craft Brewery,Delaware,2015,,,,,,
Steve,Rhinegeist Brewiing Co.,Ohio,2015,,,,,,
The Calling IPA,Boulevard Brewing Co.,Missouri,2016,,,,,,
Hot Box Brown Ale,Perrin Brewing Co.,Michigan,2016,,,,,,
Smitten Golden Rye Ale,Bell's Brewery,Michigan,2016,,,,,,
Three Philosophers,Brewery Ommegang,New York,2016,,,,,,
Insulated Dark Lager,Brooklyn Brewery,New York,2017,,,,,,
Mega Mix Pale Ale,MIA Beer Co.,Florida,2017,,,,,,
Double Citra IPA,Moeller Brew Barn,Ohio,2018,,,,,,
Chocolate Sombrero Mexican-Style Chocolate Stout,Clown Shoes,Massachusetts,2018,,,,,,
Prince & Pauper,Omnipollo,Sweden,2018,,,,,,
Torpedo Extra IPA,Sierra Nevada Brewing Co.,California,2018,,,,,,
Reformation Scottish Stout,Wooden Cask Brewing Co.,Kentucky,2020,,,,,,
Silly Wabbit,Oozlefinch Beers & Blending + WeldWerks Brewing Co.,Virginia,2021,,,,,,
All In Blonde American Blonde Ale,Alexandria Brewing Co.,Kentucky,2021,,,,,,
Porter,Big Timber Brewing,West Virginia,2021,,,,,,
Iris Irish Red Ale,Esoteric Brewing Co.,Ohio,2022,,,,,,
SummerTide Cream Ale,Brink Brewing Co.,Ohio,2022,,,,,,
Shiner Bock,Spoetzl Brewery,Texas,2023,,,,,,
Banker American Stout,Northern Row Brewery,Ohio,2024,,,,,,
All Sunshine DDH Hazy Double IPA,Falling Knife Brewing Co.,Minnesota,2024,,,,,,
Emerald Parkway Irish Red,Seventh Son Brewing Co. / The Getaway Brewing Co.,Ohio,2025,,,,,,
Dream Wave Fluctuation Double India Pale Ale,Equilibrium Brewery / Other Half Brewing Co.,New York,2025,,,,,,
"Short, Dark & Handsome Stout with Maple & Vanilla",Other Half Brewing Co.,New York,2025,,,,,,
La Chouffe Blonde,Brasserie d'Achouffe,Belgium,2025,,,,,,
Unraveled IPA,Founders Brewing Co.,Michigan,2021,,,,,,
Peanut Butter Porter,DESTIHL Brewery,Illinois,2024,,,,,,
Hidden Temple Hazy India Pale Ale,Falling Knife Brewing Co.,Minnesota,2023,,,,,,
The Final Countdown Double IPA,North High Brewing Co.,Ohio,2023,,,,,,
Insatiable Dreams Oak-Fermented Mixed Farmhouse Ale,Hacienda Beer Co.,Wisconsin,2025,,,,,,
Lupulin Effect,MadTree Brewing Co. / Fat Head's Brewery,Ohio,2018,,,,,,
Boulevard Plaid Habit,Boulevard Brewing Co.,Missouri,2019,,,,,,
German Dark Lager,Listermann Brewing Co.,Ohio,2020,,,,,,
Seeing Colors Tropical Hazy IPA,MadTree Brewing Co.,Ohio,2025,,,,,,
Green Zebra Gose,Founders Brewing Co.,Michigan,2018,,,,,,
Pliney the Elder Clone,South Ave Brewing Co.,Ohio,2018,,,,,,
Ten FIDY Imperial Stout,Oskar Blues Brewery,Colorado,2020,,,,,,
Super Cluster IPA,Lagunitas Brewing Co.,California,2020,,,,,,
Space Metal Dinosaur American Double IPA,Lone Pine Brewing Co.,Maine,2021,,,,,,
Dunkel No. 9 Munchen Style Lager,Fretboard Brewing Co.,Ohio,2023,,,,,,
Third Wheel Belgian Tripel,Sibling Revelry Brewery,Ohio,2018,,,,,,
Dragons Dragon Fruit Punch Midwest Fruit Tart,Urban Artifact,Ohio,2020,,,,,,
Hold The Reins English Mild,Brink Brewing Co.,Ohio,2021,,,,,,
Whiffle Witbier,Rhinegeist Brewing Co.,Ohio,2020,,,,,,
"You, Me, and Mr. PB Chocolate Peanut Butter Milk Stout",Mirror Twin Brewing,Kentucky,2024,,,,,,
Jungle Love Amber Ale,Little Miami Brewing Co.,Ohio,2023,,,,,,
Amber Lager,Third Shift Band of Brewers,Colorado,2013,,,,,,
Dragonfly IPA,Upland Brewing Co.,Indiana,2014,,,,,,
Honeyspot Road IPA,Two Roads Brewing Co.,Connecticut,2018,,,,,,
Dark Apparition Russian Imperial Stout,Jackie O's Brewery,Ohio,2021,,,,,,
Irish Red,March First Brewing,Ohio,2021,,,,,,
BBL Oyster Stout,HighGrain Brewing Co.,Ohio,2023,,,,,,
Gentle Revolution Slow Pour Czech Pils,HighGrain Brewing Co.,Ohio,2023,,,,,,
Vanilla Porter,North Peak Brewing Co.,Michigan,2025,,,,,,
Robust Porter,Smuttynose Brewing Co.,New Hampshire,2014,,,,,,
Teddy Bear Kisses,Upland Brewing Co.,Indiana,2015,,,,,,
Grande Reserve Ale,Chimay Brewery,Belgium,2015,,,,,,
Burbank Blonde,Moeller Brew Barn,Ohio,2018,,,,,,
Bucket of Gloves Small Batch IPA Series,Platform Beer Co.,Ohio,2019,,,,,,
Bud Light,Anheuser-Busch,Missouri,2019,,,,,,
Knotty Brown,MadTree Brewing Co.,Ohio,2020,,,,,,
The Astro Turf of Hair Triple India Pale Ale,Hoof Hearted Brewing,Ohio,2024,,,,,,
All Beef Frank Double India Pale Ale,Hop Butcher for the World,Illinois,2024,,,,,,
Singha Premium Lager,Boon Rawd Brewery Co.,Thailand,2024,,,,,,
The Great Coney War 2024 West Coast Style IPA,Streetside Brewery,Ohio,2024,,,,,,
Butt-Head Bock Lager,Tommyknocker Brewery,Colorado,2013,,,,,,
Crash Pale Ale,Rhinegeist Brewing Co.,Ohio,2017,,,,,,
Spotlight White IPA,Braxton Brewing Co.,Kentucky,2019,,,,,,
Deth's Tar Barrel-Aged Imperial Oatmeal Stout,Revolution Brewing,Illinois,2019,,,,,,
Brook Robust Porter,HighGrain Brewing Co.,Ohio,2021,,,,,,
Humulus Nimbus Super Pale Ale,Seventh Son Brewing Co.,Ohio,2022,,,,,,
Elder Betty,Magic Hat,Vermont,2013,,,,,,
420 Extra Pale Ale,SweetWater Brewing Co.,Georgia,2014,,,,,,
Caramelized Chocolate Churro Baltic Porter,Moody Tongue Brewing Co.,Illinois,2018,,,,,,
München Lager,Paulaner Brauerei München,Germany,2020,,,,,,
Garage Beer Premium Lager,Braxton Brewing Co.,Kentucky,2022,,,,,,
Crumb Cake,Rhinegeist Brewing Co.,Ohio,2023,,,,,,
Milk Stout,West Side Brewing,Ohio,2023,,,,,,
Dimmer Golden Ale with Coffee From Wood Burl,Branch & Bone Artisan Ales,Ohio,2026,,,,,,
Juicy Truth Hazy Juicy IPA,Rhinegeist Brewing Co.,Ohio,2026,,,,,,
Dawn Breaker Imperial Coffee Stout,Wyndridge Farm Brewing,Pennsylvania,2020,,,,,,
Fiction Belgian Style Pale Ale,Rhinegeist Brewing Co.,Ohio,2015,,,,,,
Copper Ale,Mt. Carmel Brewing Co.,Ohio,2016,,,,,,
Big Cis Czech / Bohemian Pilsner,Braxton / Rivertown / Barrel House / Fibonacci / etc.,Kentucky,2017,,,,,,
Warlock Imperial Stout,Southern Tier Brewing Co.,New York,2017,,,,,,
Vanilla Porter,Breckenridge Brewery,Colorado,2018,,,,,,
Delirium Tremens,Brouwerij Huyghe,Belgium,2018,,,,,,
J00S3Y New England IPA,Streetside Brewery,Ohio,2019,,,,,,
Fire Scout Nordic Red Ale,HighGrain Brewing Co.,Ohio,2021,,,,,,
Designer Hefeweizen Style Ale,Northern Row Brewery,Ohio,2025,,,,,,
Samuel Adams Noble Pils,Boston Beer Co.,Massachusetts,2014,,,,,,
Troegenator Double Bock,Troegs Brewing Co.,Pennsylvania,2017,,,,,,
Punk'N Harvest Pumpkin Ale,Uinta Brewing Co.,Utah,2014,,,,,,
Glow,Rhinegeist Brewiing Co.,Ohio,2015,,,,,,
White Rajah IPA,The Brew Kettle Taproom & Smokehouse,Ohio,2015,,,,,,
Kilkenny Irish Cream Ale,Guinness Ltd.,Ireland,2016,,,,,,
Nut Brown Ale,Samuel Smith Old Brewery,UK,2017,,,,,,
Goat Hill Golden Ale,Blackberry Farm Brewery,Tennessee,2019,,,,,,
Centennial IPA,Founders Brewing Co.,Michigan,2020,,,,,,
Something From That Super-hyped Brewery,Blank Brewing,New York,2020,,,,,,
Big Hearted IPA Imperial IPA,Bell's Brewery,Michigan,2025,,,,,,
Stacy's Mom Citra India Pale Ale,Evil Genius Beer Co.,Pennsylvania,2023,,,,,,
Wake Up Dead Imperial Stout,Left Hand Brewing Co.,Colorado,2018,,,,,,
Sports Television IPA,Central State Brewing,Indiana,2019,,,,,,
Samuel Adams Pumpkin Batch,Boston Beer Co.,Massachusetts,2015,,,,,,
"Fade to Black, Vol. 5 Black Rye Ale",Left Hand Brewing Co.,Colorado,2016,,,,,,
Denali IPA,March First Brewing,Ohio,2017,,,,,,
12th of Never Ale,Lagunitas Brewing Co.,California,2017,,,,,,
Jai Alai IPA,Cigar City Brewing,Florida,2019,,,,,,
Solo Coffee Blonde,Woodburn Brewing,Ohio,2023,,,,,,
East Coast Hazy India Pale Ale,Fifty West Brewing Co.,Ohio,2025,,,,,,
Glass Hopper IPA,Maumee Bay Brewing Co.,Ohio,2019,,,,,,
Vacationland Juicy IPA,Door County Brewing Co.,Wisconsin,2020,,,,,,
Hop Bullet Magnum Edition Imperial IPA,Sierra Nevada Brewing Co.,California,2024,,,,,,
Abita Office Party,Abita Brewing Co.,Louisiana,2026,,,,,,
Vicious American Wheat IPA,North Peak Brewing Co.,Michigan,2015,,,,,,
X-Mas Cookie,Fifty West Brewing Co.,Ohio,2016,,,,,,
DieselPunk Stout,World Brews,California,2017,,,,,,
Me Oh My Milkshake Style IPA,Platform Beer Co. / Streetside Brewery,Ohio,2018,,,,,,
Oakspire Bourbon Barrel Ale,New Belgium Brewing Co. / Knob Creek,Colorado,2018,,,,,,
Rise & Pine Hoppy Dark Ale,Uinta Brewing Co.,Utah,2019,,,,,,
Subtle Nuances Double New England IPA,16 Lots Brewing Co.,Ohio,2022,,,,,,
Sunrise Session Stout,Esker / Hart Artisan Ales,New Jersey,2024,,,,,,
HopHands Our American Pale Ale,Tired Hands Brewing Co.,Pennsylvania,2025,,,,,,
Neon Giants Astronomically Hazy IPA,Brewery Ommegang / Firestone Walker,New York,2021,,,,,,
Double Dog Double IPA,Flying Dog Brewery,Maryland,2022,,,,,,
Cougar Blonde Ale,Rhinegeist Brewing Co.,Ohio,2014,,,,,,
Escape to Colorado IPA,Epic Brewing Co.,Utah,2017,,,,,,
Hazy IPA,HighGrain Brewing Co.,Ohio,2019,,,,,,
Hops Is Real West Coast Style Double India Pale Ale,Rhinegeist Brewing Co. / Columbus Brewing Co.,Ohio,2022,,,,,,
Hoppy Christmas Festive IPA,BrewDog,UK,2023,,,,,,
Cannon Blast American Pale Ale,BrewDog,UK,2020,,,,,,
Christmas Ale,Abita Brewing Co.,Louisiana,2013,,,,,,
Honeycrisp Apple Wheat,Shock Top Brewing Co.,Missouri,2014,,,,,,
Out of Bounds Stout,Avery Brewing Co.,Colorado,2014,,,,,,
Hefeweizen,North High Brewing Co.,Ohio,2016,,,,,,
Buzz Kolsch Style Ale with Honey & Peach Added,Braxton Brewing Co.,Kentucky,2019,,,,,,
Stone Fort Oat Brown Ale,Seventh Son Brewing Co.,Ohio,2020,,,,,,
Wheezin' the Juice Juicy IPA,Germany,Michigan,2020,,,,,,
Henninger Lager,Radeberger Gruppe,Germany,2025,,,,,,
Ozujsko Lager,Zagrebačka Pivovara,Croatia,2025,,,,,,
Brew Free or Die Blood Orange IPA,21st Amendment Brewery,California,2017,,,,,,
Merry Christmas Happy New Year,Anchor Brewing Co.,California,2013,,,,,,
Sun Crusher Hoppy Wheat Ale,Revolution Brewing,Illinois,2017,,,,,,
Shiner Holiday Cheer,Spoetzl Brewery,Texas,2020,,,,,,
Barrister Kolsch Style Ale,Northern Row Brewery,Ohio,2022,,,,,,
Menabrea 150° Bionda Premium Lager,G. Menabrea & Figli,Italy,2025,,,,,,
Juice Box Sour Ale Raspberry Edition,Outer Range Brewing Co.,Colorado,2025,,,,,,
Gustav Vienna-Style Lager,Taft's Brewing Co.,Ohio,2019,,,,,,
Ectogasm India Pale Ale,Drekker Brewing Co.,North Dakota,2026,,,,,,
Raging Bitch Belgian-Style IPA,Flying Dog Brewery,Maryland,2013,,,,,,
Namaste,Dogfish Head Craft Brewery,Delaware,2014,,,,,,
Little Sumpin Sumpin Ale,Lagunitas Brewing Co.,California,2014,,,,,,
Fist City Chicago Pale Ale,Revolution Brewing,Illinois,2015,,,,,,
Storm King Stout,Victory Brewing Co.,Pennsylvania,2015,,,,,,
Wavvy Double IPA,Stillwater Artisanal Ales,Maryland,2018,,,,,,
Berserker Hazy IPA,Ore Dock Brewing Co.,Michigan,2021,,,,,,
Blood of the Unicorn Red Ale,Pipeworks Brewing Co.,Illinois,2022,,,,,,
Double Orange Starfish New England IPA,Aslin Beer Co.,Virginia,2022,,,,,,
Pure Michigan Fall IPA,Short's Brewing Co.,Michigan,2023,,,,,,
Auburn Acres Chinook Wet Hop IPA,Little Fish Brewing Co.,Ohio,2023,,,,,,
Christkindl Winter Warmer,Christian Moerlein Brewing Co.,Ohio,2013,,,,,,
Belgian White,Tap Room No. 21,California,2013,,,,,,
Celebration Ale,Sierra Nevada Brewing Co.,California,2013,,,,,,
Oatmeal Stout,Samuel Smith Old Brewery,UK,2014,,,,,,
Fresh Squeezed IPA,Deschutes Brewery,Oregon,2016,,,,,,
PC Pils American Hopped Pilsner,Founders Brewing Co.,Michigan,2017,,,,,,
Loral Anomaly,Darkness Brewing,Kentucky,2019,,,,,,
To a Locomotive in Winter Smoked Porter,Bell's Brewery,Michigan,2020,,,,,,
Helles Real Helles Style Lager,Grainworks Brewing Co.,Ohio,2021,,,,,,
Oatmeal Stout,Grainworks Brewing Co.,Ohio,2022,,,,,,
Peaches & Cream Nitro Fruit Tart,Urban Artifact,Ohio,2023,,,,,,
Innit E.S.B. Extra Special Bitter ,HighGrain Brewing Co.,Ohio,2025,,,,,,
Dover Coconut Porter,HighGrain Brewing Co.,Ohio,2025,,,,,,
Commodore Perry IPA,Great Lakes Brewing Co.,Ohio,2025,,,,,,
Theory of Tides Double India Pale Ale,Equilibrium Brewery,New York,2025,,,,,,
Fresh Catch Citra Session Ale,Narragansett Brewing Co.,Rhode Island,2025,,,,,,
Java the Stout Coffee Stout,Jackie O's Brewery,Ohio,2026,,,,,,
Burning River,Great Lakes Brewing Co.,Ohio,2013,,,,,,
Brass Knuckle Hard Hitting American Pale Ale,Four Strings Brewing Co.,Ohio,2017,,,,,,
30A Beach Blonde Ale,Grayton Beer Co.,Florida,2018,,,,,,
Cappy's vs. Unicorn Double India Pale Ale,Pipeworks Brewing Co.,Illinois,2022,,,,,,
Relative Hysteria Double India Pale Ale,Branch & Bone Artisan Ales,Ohio,2022,,,,,,
Third Eye Brewing Third Eye of the Tiger Classic Cream Ale,Third Eye Brewing Co.,Ohio,2023,,,,,,
25 Days of Haze Hazy India Pale Ale,Taft's Brewing Co.,Ohio,2024,,,,,,
Exterior Illumination Winter Ale,Listermann Brewing Co.,Ohio,2024,,,,,,
Vitus,Weihenstephaner,Germany,2024,,,,,,
Pumpking,Southern Tier Brewing Co.,New York,2015,,,,,,
Station 2 Rye Pale Ale,Municipal Brew Works,Ohio,2016,,,,,,
Prima Pils,Victory Brewing Co.,Pennsylvania,2017,,,,,,
Flute Loop Fruity Nugget IPA,Fretboard Brewing Co.,Ohio,2021,,,,,,
Brain Goddess Wet Hop India Pale Ale,DSSOLVR,North Carolina,2021,,,,,,
Bootsy Brewski IPA,Fretboard Brewing Co.,Ohio,2022,,,,,,
Guayabera Citra Pale Ale,Cigar City Brewing,Florida,2019,,,,,,
Poundsign Nofilter Juicy IPA,Grainworks Brewing Co.,Ohio,2022,,,,,,
World Wide Stout,Dogfish Head Craft Brewery,Delaware,2024,,,,,,
Bloodline Blood Orange IPA,Flying Dog Brewery,Maryland,2023,,,,,,
Sun-Kissed Wheat,Homestead Beer Co.,Ohio,2025,,,,,,
Guy Fawkes Brown Ale,The Black Abbey Brewing Co.,Tennessee,2025,,,,,,
Cold Ass Beer,Against the Grain Brewery & Smokehouse,Kentucky,2025,,,,,,
Torrential Downpour Small Batch IPA,Platform Beer Co.,Ohio,2018,,,,,,
Truth,Rhinegeist Brewing Co.,Ohio,2016,,,,,,
Winter Solstice Seasonal Ale,Anderson Valley Brewing Co.,California,2013,,,,,,
Mocha IPA,Stone Brewing Co.,California,2017,,,,,,
Old Chub Scotch Ale,Oskar Blues Brewery,Colorado,2019,,,,,,
Toña Cerveza,Compañía Cervecera De Nicaragua,Nicaragua,2025,,,,,,
Landshark Lager,Margaritaville Brewing Co.,Florida,2025,,,,,,
Golf Cart Blood Orange Golden Ale,Outerbelt Brewing,Ohio,2025,,,,,,
Holly Days IPA with Spruce Tips,MadTree Brewing Co.,Ohio,2026,,,,,,
Rainbow Road India Pale Ale,Fifty West Brewing Co.,Ohio,2022,,,,,,
Oude Geuze,Brouwerij 3 Fonteinen,Belgium,2025,,,,,,
Double Chocolate Stout,Rogue Ales,Oregon,2018,,,,,,
12 Dogs of Christmas,Thirsty Dog Brewing Co.,Ohio,2013,,,,,,
Oatmeal Stout Dark,Breckenridge Brewery,Colorado,2014,,,,,,
Summer Shandy,Jacob Leinenkugel Brewing Co.,Wisconsin,2014,,,,,,
Anti-Hero IPA,Revolution Brewing,Illinois,2014,,,,,,
Pumpkin Wheat,Shock Top Brewing Co.,Missouri,2014,,,,,,
Yellow Snow IPA,Rogue Ales,Oregon,2015,,,,,,
Saison du Buff,Dogfish Head Craft Brewery,Delaware,2015,,,,,,
Dry Hopped Pale Ale,Founders Brewing Co.,Michigan,2015,,,,,,
Mississippi Mud Black & Tan,Mississippi Brewing Co.,Mississippi,2015,,,,,,
Sawtooth Ale,Left Hand Brewing Co.,Colorado,2015,,,,,,
Glory American Wheat Ale,Land-Grant Brewing Co.,Ohio,2016,,,,,,
Coconut Hiwa Porter,Maui Brewing Co.,Hawaii,2016,,,,,,
Batch #030 Mimosa IPA,Nowhere In Particular Brewing Co.,Ohio,2019,,,,,,
40th Hoppy Amber Anniversary Ale,Sierra Nevada Brewing Co.,California,2020,,,,,,
Even More Jesus Imperial Stout,Evil Twin Brewing,Denmark,2021,,,,,,
Blind Spot Imperial Oatmeal Stout,Fifty West Brewing Co.,Ohio,2022,,,,,,
Honey Kolsch,Rogue Ales,Oregon,2023,,,,,,
Convivial Hazy Double India Pale Ale,WeldWerks Brewing Co. / Russian River Brewing Co.,Colorado,2025,,,,,,
Photo Booth Grapefruit Gose,Urban Artifact,Ohio,2020,,,,,,
Impending Doom Hazy Double IPA,Heavy Seas Beer,Maryland,2023,,,,,,
Jelly King Dry Hopped Sour,Bellwoods Brewery,Canada,2023,,,,,,
Old Leghumper Robust Porter,Thirsty Dog Brewing Co.,Ohio,2013,,,,,,
Edmund Fitzgerald,Great Lakes Brewing Co.,Ohio,2014,,,,,,
Green's Endeavour Dubbel Dark Ale,Green's Gluten Free Beers,UK,2014,,,,,,
Summer Ale,Boston Beer Co.,Massachusetts,2017,,,,,,
French Oak Saison,New Belgium Brewing Co.,Colorado,2017,,,,,,
S'more Fun Together Imperial Brown Ale,Streetside Brewery,Ohio,2021,,,,,,
Thank You For Existing Kolsch-Style Ale,DSSOLVR,North Carolina,2023,,,,,,
Black Sheep Brewery Monty Python's Holy Grail British Pale Ale,Black Sheep Brewery,UK,2025,,,,,,
One Way Street: Caliente IPA,Fifty West Brewing Co.,Ohio,2018,,,,,,
Reign of Hera Hazy India Pale Ale,WarPigs Brewing USA,Indiana,2023,,,,,,
Monarch Jungle IPA,HighGrain Brewing Co.,Ohio,2023,,,,,,
Eisbock,Kulmbacher Brauerei AG,Germany,2013,,,,,,
Tsingtao,Tsingtao,China,2014,,,,,,
Cherry Blonde,Christian Moerlein Brewing Co.,Ohio,2015,,,,,,
Gus IPA,Full Pint Brewing Co.,Pennsylvania,2015,,,,,,
Amber,Abita Brewing Co.,Louisiana,2016,,,,,,
.394 Pale Ale,AleSmith Brewing Co.,California,2022,,,,,,
The Rake Double Dry-Hopped Double IPA,Angry Chair Brewing,Florida,2024,,,,,,
Midsomer's Night Snack Stout ,Abomination Brewing,Connecticut,2025,,,,,,
Happy Pils,BRLO,Germany,2025,,,,,,
Narwhal Imperial Stout,Sierra Nevada Brewing Co.,California,2016,,,,,,
Monkey's Dunkel Dark Lager,Wiedemann Brewing Co.,Ohio,2023,,,,,,
All Is Well At the Station Double IPA,Southern Tier Brewing Co.,New York,2018,,,,,,
Pumpkin P-Eye Pumpkin Ale,Third Eye Brewing Co.,Ohio,2021,,,,,,
Andygator,Abita Brewing Co.,Louisiana,2021,,,,,,
2x4 DIPA,Melvin Brewing,Wyoming,2019,,,,,,
Slow Ride Session IPA,New Belgium Brewing Co.,Colorado,2016,,,,,,
Night Swell Dark India Pale Ale,Heavy Seas Beer,Maryland,2019,,,,,,
Vienermobile Festbier,Fifty West Brewing Co.,Ohio,2020,,,,,,
Hoofybraü Dry Hopped Helles-Style Lager,Hoof Hearted Brewing,Ohio,2022,,,,,,
Skygazer Citrus Wheat,MadTree Brewing Co.,Ohio,2025,,,,,,
Fuck 2024 Triple Dry Hopped India Pale Ale,Abomination Brewing,Connecticut,2025,,,,,,
Festina Peche,Dogfish Head Craft Brewery,Delaware,2018,,,,,,
OktubberFest,Taft's Brewing Co.,Ohio,2018,,,,,,
Nocturnal Sight Black Walnut Brown Ale,Third Eye Brewing Co.,Ohio,2023,,,,,,
Peanut Butter Milk Stout,Left Hand Brewing Co.,Colorado,2020,,,,,,
Tank 7 Farmhouse Ale,Boulevard Brewing Co.,Missouri,2020,,,,,,
Thresher Coffee Saison,Burial Beer Co.,North Carolina,2021,,,,,,
First Blood Blood Orange Hefeweizen,Two Blokes Brewing,South Carolina,2024,,,,,,
Walking Taco Mexican Lager With Lime,Wolf's Ridge Brewing,Ohio,2024,,,,,,
Five American Pale Ale,North High Brewing Co.,Ohio,2025,,,,,,
Soleil Shandy,Erie Brewing Co.,Pennsylvania,2018,,,,,,
Dr. Dank Jack Frost Double IPA,Wicked Weed Brewing,North Carolina,2023,,,,,,
Doom Pedal White Ale,Fifty West Brewing Co.,Ohio,2026,,,,,,
Saison,Rockmill Brewery,Ohio,2014,,,,,,
Monarch White Beer,Two Brothers Brewing Co.,Illinois,2015,,,,,,
Knowledge Imperial IPA,Rhinegeist Brewing Co.,Ohio,2017,,,,,,
Backwoods Bastard,Founders Brewing Co.,Michigan,2019,,,,,,
Festivus Christmas Ale,Full Pint Brewing Co.,Pennsylvania,2013,,,,,,
Assistant Manager American Golden Ale,Seventh Son Brewing Co.,Ohio,2021,,,,,,
LaGrave Triple Golden Ale,Troegs Brewing Co.,Pennsylvania,2026,,,,,,
Dahlia Brown Ale,Esoteric Brewing Co.,Ohio,2026,,,,,,
Old Man Winter Ale,Southern Tier Brewing Co.,New York,2013,,,,,,
Hell or High Watermelon Wheat Beer,21st Amendment Brewery,California,2015,,,,,,
Kellerweis Bavarian-Style Wheat,Sierra Nevada Brewing Co.,California,2016,,,,,,
Funkengruven Tart New England-Style IPA,DESTIHL Brewery,Illinois,2019,,,,,,
IBUSive India Pale Ale,Fat Head's Brewery & Saloon,Ohio,2021,,,,,,
IPA,Oskar Blues Brewery,Colorado,2018,,,,,,
Larry's Latest Sour Ale,Bell's Brewery,Michigan,2018,,,,,,
Big Eye IPA,Ballast Point Brewing Co.,California,2013,,,,,,
Solid Gold Premium Lager,Founders Brewing Co.,Michigan,2019,,,,,,
Celebrator Doppelbock,Brauerei Aying,Germany,2019,,,,,,
Knotty Pine IIPA,Country Boy Brewing,Kentucky,2019,,,,,,
Cherries Jubilee,Urban Artifact,Ohio,2020,,,,,,
Elvis Juice Grapefruit Infused IPA,BrewDog,UK,2020,,,,,,
Hazy & Juicy & Hoppy & Fresh: Mosaic & Citra,Hi-Wire Brewing,North Carolina,2019,,,,,,
Daisy Cutter Pale Ale,Half Acre Beer Co.,Illinois,2025,,,,,,
Pilsner,Fifty West Brewing Co.,Ohio,2025,,,,,,
Holly Jolly Christmas Ale,Fat Head's Brewery & Saloon,Ohio,2013,,,,,,
Wild Turkey Bourbon Barrel Stout,Anderson Valley Brewing Co.,California,2017,,,,,,
Kentucky Home Mint Julep Style Beer,Braxton Brewing Co.,Kentucky,2019,,,,,,
Pimp My Sleigh Belgian-Style Christmas Ale,Fat Head's Brewery & Saloon,Ohio,2019,,,,,,
Gonzo Imperial Porter,Flying Dog Brewery,Maryland,2014,,,,,,
Imperial IPA,Mt. Carmel Brewing Co.,Ohio,2014,,,,,,
Clawhammer,Highland Brewing Co.,North Carolina,2014,,,,,,
Amber Lager,Hudepohl-Schoenling Brewing Co.,Ohio,2014,,,,,,
Cabin Fever Brown Ale,New Holland Brewing Co.,Michigan,2016,,,,,,
Reudrich's Red Seal Ale,North Coast Brewing Co.,California,2016,,,,,,
Hustle Rye Pale Ale,Rhinegeist Brewing Co.,Ohio,2016,,,,,,
Trotwood Lager,Warped Wing Brewing Co.,Ohio,2016,,,,,,
Nellie's Keylime Caribbean Ale,Taft's Brewing Co.,Ohio,2016,,,,,,
Enjoy By 10.31.16 Tangerine IPA,Stone Brewing Co.,California,2016,,,,,,
Ripper San Diego Pale Ale,Stone Brewing Co.,California,2017,,,,,,
Oro De Tontos,Greenbush Brewing Co.,Michigan,2019,,,,,,
Clearly Everybody Wants Some Hazy Boi IPA,Against the Grain Brewery & Smokehouse,Kentucky,2020,,,,,,
Wrought Iron IPA,Abita Brewing Co.,Louisiana,2020,,,,,,
French Toast Devil Dog Oatmeal Stout,Roak Brewing Co.,Michigan,2021,,,,,,
Peppermint Porter,Alltech's Lexington Brewing Co.,Kentucky,2022,,,,,,
Odd Future Imperial India Pale Ale,Platform Beer Co.,Ohio,2022,,,,,,
Alpenglow Weizenbock Ale,Fat Head's Brewery & Saloon,Ohio,2022,,,,,,
Hop Marauder Imperial IPA,Fat Head's Brewery & Saloon,Ohio,2022,,,,,,
Vienna Lager,Ottakringer Brewery,Virginia,2022,,,,,,
LE44 Great American IPA,Grainworks Brewing Co.,Ohio,2025,,,,,,
Juicy Ass IPA,Flying Monkeys Craft Brewery,Canada,2025,,,,,,
Dad Hoppy Holiday Ale,Rhinegeist Brewing Co.,Ohio,2026,,,,,,
Siren Amber Ale,North Peak Brewing Co.,Michigan,2014,,,,,,
Chocodile Tears Chocolate Gose,MadTree Brewing Co.,Ohio,2017,,,,,,
Samuel Adam's Irish Red,Boston Beer Co.,Massachusetts,2014,,,,,,
Beck's Oktoberfest Lager,Beck & Co.,Germany,2014,,,,,,
Huma Lupa Licious,Short's Brewing Co.,Michigan,2015,,,,,,
Brut Extra Dry IPA,Sierra Nevada Brewing Co.,California,2019,,,,,,
Fogcutter Double IPA,Lost Coast Brewery and Cafe,California,2019,,,,,,
Yammy Yammy Sweet Potato Ale,Platform Beer Co.,Ohio,2019,,,,,,
Campfire & Rain Smoked Amber Lager,Little Miami Brewing Co. / Fretboard Brewing Co.,Ohio,2022,,,,,,
Drummer Boy Winter Warmer,Fretboard Brewing Co.,Ohio,2022,,,,,,
Trainer Dab Collab Slushy XXL Smoothie Style Sour Ale,450 North Brewing Co.,Indiana,2023,,,,,,
Return of the Mac Coffee Blonde,Streetside Brewery,Ohio,2020,,,,,,
Summer Love,Victory Brewing Co.,Pennsylvania,2014,,,,,,
"Lovely, Dark and Deep Oatmeal Stout",Brewery Ommegang,New York,2015,,,,,,
Starburst Wheat,Saugatuck Brewing Co.,Michigan,2015,,,,,,
Purple Haze Raspberry Lager,Abita Brewing Co.,Louisiana,2017,,,,,,
Selassie Coffee & Vanilla Beans,Omnipollo,Sweden,2017,,,,,,
Single Hop Southern Passion IPA,West Side Brewing,Ohio,2022,,,,,,
Nuts For You Peanut Butter Stout,Zaftig Brewing Co.,Ohio,2025,,,,,,
Blackberry Prairie Wheat ,Moeller Brew Barn,Ohio,2023,,,,,,
Revved Up Coffee Brown Ale,Revolution Brewing / Upland Brewing Co.,Illinois,2016,,,,,,
Hop Head Nubula,Darkness Brewing,Kentucky,2016,,,,,,
On Fleek Imperial Stout,Stillwater Artisanal Ales / Casita Cerveceria,Maryland,2017,,,,,,
Wolf Pup Session IPA,Golden Road Brewing,California,2017,,,,,,
Cocomungo Barrel-Aged Coconut Stout,3 Floyds Brewing Co.,Indiana,2024,,,,,,
Wisconsin Stout,Listermann Brewing Co. / Untitled Art,Ohio,2020,,,,,,
DieselPunk Porter,World Brews,California,2014,,,,,,
Porter,Founders Brewing Co.,Michigan,2015,,,,,,
Kato Blonde Ale Brewed With Script Coffee,Sonder Brewing,Ohio,2022,,,,,,
Oktoberfest Bier,Paulaner Brauerei München,Germany,2018,,,,,,
Boring Beer,Streetside Brewery,Ohio,2023,,,,,,
Dragon Fandango Beer,Toppling Goliath Brewing Co.,Iowa,2024,,,,,,
Paraíso Mexican Lager,Esoteric Brewing Co.,Ohio,2024,,,,,,
Weissbier,Konig Ludwig ,Germany,2013,,,,,,
IPA,Mt. Carmel Brewing Co.,Ohio,2016,,,,,,
Trees of Tahoe Pale Ale,Fifty West Brewing Co.,Ohio,2016,,,,,,
Legendary Lager,MadTree Brewing Co.,Ohio,2021,,,,,,
Fuggly Sweater,Ithaca Beer Co.,New York,2022,,,,,,
Lagoon Scotch Style Ale,Bircus Brewing Co.,Kentucky,2022,,,,,,
99 Problems But a Beer Ain't One NE IPA,Listermann Brewing Co.,Ohio,2023,,,,,,
Dolce Far Niente Italian-Style Pilsner,Tripping Animals Brewing Co.,Florida,2023,,,,,,
Powdered Tracks Imperial Stout,Timber Ales Brewery,Connecticut,2023,,,,,,
Famosa Lager Beer,Cervecería Centro Americana,Guatemala,2025,,,,,,
Summer Wheat Ale,Mt. Carmel Brewing Co.,Ohio,2018,,,,,,
Trouble in Paradise Milkshake Blonde,Streetside Brewery,Ohio,2019,,,,,,
Fool's Gold Dry-Hopped Golden Ale,Columbus Brewing Co.,Ohio,2019,,,,,,
Go Ask Your Mother India Pale Ale,Casita Brewing Co. / Wilmington Brewing Co.,North Carolina,2023,,,,,,
18 Mile Red Plum Barrel Aged Sour Red Ale Flavored With Plums,Carolina Bauernhaus,South Carolina,2025,,,,,,
Radio Swan Rye India Pale Ale,Forbidden Root Brewery,Ohio,2025,,,,,,
Sapporo Premium Beer,Sapporo Brewing Co.,Japan,2014,,,,,,
Carl Sour Belgian Ale ,HighGrain Brewing Co.,Ohio,2023,,,,,,
Yanjing,Beijing Yanjing Brewery,China,2014,,,,,,
Budweiser,Anheuser-Busch,Missouri,2014,,,,,,
Coors Banquet,Coors Brewing Co.,Colorado,2014,,,,,,
Mosaic,Rhinegeist Brewing Co.,Ohio,2016,,,,,,
Chocolate Cherry Stout,Woodburn Brewing,Ohio,2016,,,,,,
Blue,SweetWater Brewing Co.,Georgia,2017,,,,,,
Barrel-Aged Old Rasputin Russian Imperial Stout,North Coast Brewing Co.,California,2021,,,,,,
Blossom Spring Ale,Rhinegeist Brewing Co.,Ohio,2025,,,,,,
Rainbow Rodeo Sour Ale with Rainbow Candies,Streetside Brewery,Ohio,2025,,,,,,
Monostatic #14 Riwaka Hazy India Pale Ale with Riwaka Hops,Branch & Bone Artisan Ales,Ohio,2026,,,,,,
30th Anniversary Ale Barrel-Aged Blend,Boulevard Brewing Co.,Missouri,2025,,,,,,
The Brown Note,Against the Grain Brewery & Smokehouse,Kentucky,2015,,,,,,
Strawberry Pig Cream Ale,Christian Moerlein Brewing Co.,Ohio,2018,,,,,,
NewPorter English Brown Ale,Wooden Cask Brewing Co.,Kentucky,2021,,,,,,
Little Man Salted Oreo Stout,WeldWerks Brewing Co.,Colorado,2024,,,,,,
Nutcase Peanut Butter Porter,Listermann Brewing Co.,Ohio,2018,,,,,,
Doggie Style Pale Ale,Flying Dog Brewery,Maryland,2019,,,,,,
Nacho Bait Habanero Blonde Ale,Country Boy Brewing,Kentucky,2021,,,,,,
Graveyard Shift Pastry Vanilla Stout,Nine Giant Brewing,Ohio,2022,,,,,,
Turbodog,Abita Brewing Co.,Louisiana,2016,,,,,,
Roller Blabe Double IPA,Hoof Hearted Brewing,Ohio,2023,,,,,,
Cinnamon Toast Crunch Imperial Brown Ale,DVD Brew,Ohio,2026,,,,,,
It Ain't It Nu Wave Lager,Hoof Hearted Brewing / Mast Landing Brewing Co.,Ohio,2023,,,,,,
Blue Moon Mountain Abby Ale,Blue Moon Brewing Co.,Colorado,2013,,,,,,
Identity Crisis,MadTree Brewing Co.,Ohio,2014,,,,,,
Rubus Cacao,MadTree Brewing Co.,Ohio,2015,,,,,,
Cherry Stout,Bell's Brewery,Michigan,2015,,,,,,
Hop Head Red Double IPA,Green Flash Brewing Co.,Virginia,2015,,,,,,
Soul Drifter Blonde Ale,MadTree Brewing Co.,Ohio,2015,,,,,,
Pilialoha Belgian Red Ale,Maui Brewing Co.,Hawaii,2018,,,,,,
Da Shootz American Pilsner,Deschutes Brewery,Oregon,2019,,,,,,
Blaze Ponies Mile-High-PA,Taft's Brewing Co.,Ohio,2019,,,,,,
Oktoberfest,Masthead Brewing Co.,Ohio,2022,,,,,,
Darwin's Forehead Salted Brown Porter ,Fonta Flora Brewery,North Carolina,2025,,,,,,
Schofferhofer Hefeweizen,Binding-Brauerei AG,Germany,2018,,,,,,
Emergency Drinking Beer,Wild Heaven Beer,Georgia,2019,,,,,,
Lucky Buddha Enlightened Beer,The Lucky Drink Co.,Australia,2019,,,,,,
Christmas Ale,Breckenridge Brewery,Colorado,2013,,,,,,
Belgian Orange,Narrow Path Brewing Co.,Ohio,2017,,,,,,
French Toast Bastard Bourbon Barrel-Aged Scotch Ale,Founders Brewing Co.,Michigan,2023,,,,,,
German Chocolate Cake Stout,Fifty West Brewing Co.,Ohio,2023,,,,,,
120 Minute IPA,Dogfish Head Craft Brewery,Delaware,2025,,,,,,
The Poet American Oatmeal Stout,New Holland Brewing Co.,Michigan,2026,,,,,,
Grandes Lagos Lager,Great Lakes Brewing Co.,Ohio,2017,,,,,,
Schneider Weisse,G. Schneider & Sohn,Germany,2013,,,,,,
American Pale Ale,Stoudts Brewing Co.,Pennsylvania,2014,,,,,,
Maximator,Augustiner-Bräu Wagner KG,Germany,2020,,,,,,
Pils,Karrikin Spirits Co.,Ohio,2020,,,,,,
Walnut Brown Ale,Goodwood Brewing Co.,Kentucky,2015,,,,,,
Night of the Living Stout,Full Pint Brewing Co.,Pennsylvania,2016,,,,,,
Bourbon Barrel Quad,Boulevard Brewing Co.,Missouri,2017,,,,,,
Imperial Coolcumber Golden Ale,Wicked Weed Brewing,North Carolina,2018,,,,,,
Oil of Aphrodite Imperial Stout Brewed With Walnuts,Jackie O's Brewery,Ohio,2025,,,,,,
Samuel Adams Breakaway Blonde Ale,Boston Beer Co.,Massachusetts,2026,,,,,,
Yuengling Traditional Lager,D. G. Yuengling & Son,Pennsylvania,2021,,,,,,
Beer For Hell Helles Bock Style Beer,Off Color Brewing,Illinois,2022,,,,,,
RuinTen Triple IPA,Stone Brewing Co.,California,2022,,,,,,
Big Wave Golden Ale,Kona Brewing Co.,Hawaii,2013,,,,,,
Juicy Improv India Pale Ale,Fretboard Brewing Co.,Ohio,2023,,,,,,
Hop Notch IPA,Uinta Brewing Co.,Utah,2013,,,,,,
Old Golden Hen,Moorland Brewing,UK,2014,,,,,,
Oktoberfest,Jacob Leinenkugel Brewing Co.,Wisconsin,2014,,,,,,
Lift,MadTree Brewing Co.,Ohio,2015,,,,,,
Pale Ale,North High Brewing Co.,Ohio,2015,,,,,,
CrossBones Session IPA,Heavy Seas Beer,Maryland,2015,,,,,,
Ben & Jerry's Salted Caramel Brownie Brown Ale,New Belgium Brewing Co.,Colorado,2016,,,,,,
Crank Shaft IPA,Braxton Brewing Co.,Kentucky,2016,,,,,,
Das Uber Lager,Christian Moerlein Brewing Co.,Ohio,2016,,,,,,
Lieutenant Dank IPA,Wicked Weed Brewing,North Carolina,2017,,,,,,
Skronk Juice India Session Ale,Taft's Brewing Co.,Ohio,2018,,,,,,
Blue Moon Mango Wheat,Blue Moon Brewing Co.,Colorado,2019,,,,,,
Tenpenny Amber Ale,Homestead Beer Co.,Ohio,2020,,,,,,
Slam Dunk Double India Pale Ale,Forbidden Root Brewery,Ohio,2025,,,,,,
Stone IPA,Stone Brewing Co.,California,2025,,,,,,
Social Hour Hazy Wit-Style Brew with Tropical Fruit,Santa Fe Brewing Co.,New Mexico,2026,,,,,,
Double D IPA,Old Dominion Brewing Co.,Delaware,2015,,,,,,
Danky McDankerson Wet Hopped Double New England IPA,Streetside Brewery,Ohio,2023,,,,,,
Keypunch Key Lime Gose,Urban Artifact,Ohio,2018,,,,,,
Chomolunga Honey Nut Brown Ale,Jackie O's Brewery,Ohio,2019,,,,,,
Levitation Ale,Stone Brewing Co.,California,2014,,,,,,
Green Chile Lager,Tommyknocker Brewery,Colorado,2017,,,,,,
Santa's Bribe Winter Ale,Taft's Brewing Co.,Ohio,2018,,,,,,
Backyard Crusher American Lager,Royal Docks Brewing Co.,Ohio,2021,,,,,,
Kool On Shandy,Fretboard Brewing Co.,Ohio,2021,,,,,,
Master of Pumpkins,Troegs Brewing Co.,Pennsylvania,2025,,,,,,
DieselPunk IPA,World Brews,California,2014,,,,,,
Stranger American Pale Ale,Left Hand Brewing Co.,Colorado,2014,,,,,,
Bed of Nails Brown Ale,Hi-Wire Brewing,North Carolina,2017,,,,,,
Hollow Point Hibiscus Ale,Cartridge Brewing,Ohio,2022,,,,,,
Neon Beer Hug IPA,Goose Island Beer Co.,Illinois,2025,,,,,,
Dismembers Only Imperial Milk Stout,3 Floyds Brewing Co.,Indiana,2022,,,,,,
Amber Style Ale,Avalanche Brewing Co.,Colorado,2016,,,,,,
Dark Helmet Imperial Schwartz Style Bier,The Brew Kettle Taproom & Smokehouse,Ohio,2016,,,,,,
Neapolitan Milk Stout,Saugatuck Brewing Co.,Michigan,2016,,,,,,
Brooklyn Lager,Brooklyn Brewery,New York,2025,,,,,,
Lodo Low Cal Tart Peach Ale,Rhinegeist Brewing Co.,Ohio,2020,,,,,,
The Gadget Midwest Fruit Tart,Urban Artifact,Ohio,2019,,,,,,
Old Speckled Hen English Pale Ale,Greene King / Morland Brewery,UK,2023,,,,,,
Shade Gose Style Ale,MadTree Brewing Co.,Ohio,2018,,,,,,
Man Juice,Knee Deep Brewing Co.,California,2019,,,,,,
420 Strain G13 IPA,SweetWater Brewing Co.,Georgia,2019,,,,,,
Braxton Labs Strawberry Gose,Braxton Brewing Co.,Kentucky,2019,,,,,,
Double Milk Stout 2X,Southern Tier Brewing Co.,New York,2014,,,,,,
Sculpin IPA,Ballast Point Brewing Co.,California,2015,,,,,,
Harvest Ale,Mt. Carmel Brewing Co.,Ohio,2015,,,,,,
Pinedrops IPA,Deschutes Brewery,Oregon,2015,,,,,,
Smithwick's Imported Premium Irish Ale,Guinness Ltd.,Ireland,2016,,,,,,
A-crop Black Light Stout,Zaftig Brewing Co.,Ohio,2019,,,,,,
Old Milwaukee Beer,Pabst Brewing Co.,California,2020,,,,,,
Orange Agave Blonde,Municipal Brew Works,Ohio,2021,,,,,,
Nightcap Holiday Ale,Brink Brewing Co.,Ohio,2021,,,,,,
Three Hos Christmas Ale,Saucy Brew Works,Ohio,2023,,,,,,
Black Butte XXX 30th Birthday Reserve,Deschutes Brewery,Oregon,2025,,,,,,
Amarillo Fog Small Batch IPA,Platform Beer Co.,Ohio,2018,,,,,,
Mamma Hen's IPA,DVD Brew,Ohio,2026,,,,,,
Estrella Damm Daura,Damm S. A.,Spain,2015,,,,,,
Natural Light Naturdays,Anheuser-Busch,Missouri,2019,,,,,,
A Little Crazy Belgian-Style Pale Ale,Revolution Brewing,Illinois,2017,,,,,,
Slushy Courage Cup Fruited Berliner Weisse,450 North Brewing Co.,Indiana,2023,,,,,,
Chai Milk Stout Nitro,Left Hand Brewing Co.,Colorado,2018,,,,,,
Cherry Canis Invertus,3 Floyds Brewing Co.,Indiana,2021,,,,,,
Northern Liberties IPA,Christian Moerlein Brewing Co.,Ohio,2013,,,,,,
Christmas Ale,Great Lakes Brewing Co.,Ohio,2013,,,,,,
Flight of Simcoe,MadTree Brewing Co.,Ohio,2013,,,,,,
Oktoberfestbier,Weihenstephaner,Germany,2013,,,,,,
American Amber Ale,Rogue Ales,Oregon,2014,,,,,,
Penguin Blonde Stout,Rhinegeist Brewing Co. / Three Weavers Brewing Co.,Ohio,2018,,,,,,
I Drink Your Milkshake! Blueberry Milkshake IPA,Streetside Brewery,Ohio,2023,,,,,,
Ayinger Bavarian Pils,Brauerei Aying,Germany,2024,,,,,,
Pastrami on Rye,Pipeworks Brewing Co.,Illinois,2024,,,,,,
Rare Vos Amber Ale,Brewery Ommegang,New York,2015,,,,,,
Push Reel Pilsner,Christian Moerlein Brewing Co.,Ohio,2015,,,,,,
Bon Bonerie Opera Cream Stout,Platform Beer Co.,Ohio,2019,,,,,,
DayTime Session IPA,Lagunitas Brewing Co.,California,2025,,,,,,
Orchid's Repose Cranberry Stout,Blank Slate Brewing Co.,Ohio,2016,,,,,,
Thousand Weiss Imperial Hefeweizen,Christian Moerlein Brewing Co.,Ohio,2016,,,,,,
Twisted Bit Dortmunder Lager,Braxton Brewing Co.,Kentucky,2016,,,,,,
Floyds Deluxe Brand Lager,3 Floyds Brewing Co.,Indiana,2026,,,,,,
Desde Imperial,Cerveceria Costa Rica,Costa Rica,2026,,,,,,
Brekle's Brown,Anchor Brewing Co.,California,2013,,,,,,
Press Tart Berliner Style Weisse Fruit Beer,Rhinegeist Brewing Co.,Ohio,2018,,,,,,
Super Scoop'd Chocolate Peanut Butter Cup Imperial Milk Stout,Beer Tree Brew,New York,2024,,,,,,
Bourbon Barrel Stout,Bluegrass Brewing Co.,Kentucky,2014,,,,,,
Smooth Sail Summer Ale,Heavy Seas Beer,Maryland,2015,,,,,,
Arrogant Bastard Ale,Arrogant Bastard Brewing Co.,California,2016,,,,,,
Summertrip Passion Fruit Berliner Weisse,Braxton Brewing Co.,Kentucky,2017,,,,,,
Caco-phony Mosaic Pale Ale,Campanology Brewing,Wisconsin,2018,,,,,,
Lemon Pound Cake American Blonde Ale,Listermann Brewing Co.,Ohio,2019,,,,,,
Blanc Belgian-Style Wheat Ale,Sonder Brewing,Ohio,2021,,,,,,
Electric Lettuce West Coast India Pale Ale,Saucy Brew Works,Ohio,2023,,,,,,
Esther's Li'l Secret,Warped Wing Brewing Co.,Ohio,2018,,,,,,
Very Emergency Berliner Weisse,Nine Giant Brewing,Ohio,2019,,,,,,
Tart 'n Juicy Sour IPA,Epic Brewing Co.,Utah,2018,,,,,,
Summer Camp Haze Hazy IPA,MadTree Brewing Co.,Ohio,2025,,,,,,
Lager of the Lakes Bohemian Pilsner,Bell's Brewery,Michigan,2020,,,,,,
Foggy Geezer Hazy India Pale Ale,WarPigs Brewing USA,Indiana,2024,,,,,,
Oktoberfest,Listermann Brewing Co.,Ohio,2014,,,,,,
Rye of the Tiger IPA,Great Lakes Brewing Co.,Ohio,2015,,,,,,
Golden Ale,Terrapin Beer Co.,Georgia,2015,,,,,,
The Truth Imperial IPA,Flying Dog Brewery,Maryland,2016,,,,,,
Bavarian Dunkel,Jacob Leinenkugel Brewing Co.,Wisconsin,2016,,,,,,
Pure Hoppiness Imperial IPA,Alpine Beer Company,California,2017,,,,,,
Haze Jude Hazy India Pale Ale,Platform Beer Co.,Ohio,2021,,,,,,
JJJuiceee Project American Double IPA,Tree House Brewing Co.,Massachusetts,2022,,,,,,
"Thanks, It Has Pockets Volume 5: Mixed Berry Pie Stout",Branch & Bone Artisan Ales,Ohio,2023,,,,,,
Afoot & Light Hearted Wild Farmhouse Ale,Fifty West Brewing Co.,Ohio,2025,,,,,,
La Moneuse,Brasserie de Blaugies,Belgium,2018,,,,,,
Cheetah Lager,Rhinegeist Brewing Co.,Ohio,2020,,,,,,
¡Sí Cerveza! Mexican Style Lager,Masthead Brewing Co.,Ohio,2022,,,,,,
Bohemian Special Brew Golden Pilsner,Wiedemann Brewing Co.,Ohio,2021,,,,,,
Queen City IPA,West Side Brewing,Ohio,2022,,,,,,
Pigeon Hill Salted Caramel Porter,Pigeon Hill Brewing Co.,Michigan,2025,,,,,,
400-Pound Monkey IPA,Left Hand Brewing Co.,Colorado,2014,,,,,,
Belhaven Scottish Ale,Belhaven Brewery Co.,UK,2023,,,,,,
Samuel Adams Winter Lager,Boston Beer Co.,Massachusetts,2016,,,,,,
DreamWeaver Wheat,Troegs Brewing Co.,Pennsylvania,2020,,,,,,
Ricky American Golden Ale,Jackie O's Brewery,Ohio,2020,,,,,,
Capy Snacks Fruit Punch ,Urban Artifact,Ohio,2025,,,,,,
Fuel Up Coffee Blonde,Fifty West Brewing Co.,Ohio,2022,,,,,,
Lean West Double IPA,Masthead Brewing Co.,Ohio,2026,,,,,,
Witbier,Rockmill Brewery,Ohio,2013,,,,,,
Oak Aged Beer,Innis & Gunn,UK,2016,,,,,,
Baguette Biere de Garde,Rhinegeist Brewing Co.,Ohio,2016,,,,,,
2018 Bourbon County Brand Stout,Goose Island Beer Co.,Illinois,2025,,,,,,
Session IPA Home Brew,Thirsty Dog Brewing Co.,Ohio,2015,,,,,,
Iron Maiden Trooper,Robinsons Family Brewers,UK,2015,,,,,,
Allagash White Belgian-Style Wheat Beer,Allagash Brewing Co.,Maine,2025,,,,,,
Galleon Tropical Stout ,HighGrain Brewing Co.,Ohio,2023,,,,,,
Insanity,Weyerbacher Brewing Co.,Pennsylvania,2016,,,,,,
Team Fiona New England IPA,Listermann Brewing Co.,Ohio,2025,,,,,,
GT Gose,Anderson Valley Brewing Co.,California,2018,,,,,,
Wedge Lime Lager,Listermann Brewing Co.,Ohio,2019,,,,,,
Wobble IPA,Two Brothers Brewing Co.,Illinois,2015,,,,,,
Chocolate Cherry Bomb,Ellicottville Brewing Co.,New York,2025,,,,,,
Black Label,Pabst Brewing Co.,California,2017,,,,,,
Bodhi Double India Pale Ale,Columbus Brewing Co.,Ohio,2026,,,,,,
Dank Demon Imperial Dank IPA,Great Lakes Brewing Co.,Ohio,2023,,,,,,
Sour Monkey Sour Tripel,Victory Brewing Co.,Pennsylvania,2024,,,,,,
Krombacher Dark,Krombacher Brauerei,Germany,2018,,,,,,
Peel Out Banana Cream Pie Hefeweizen,Fifty West Brewing Co.,Ohio,2021,,,,,,
Hofbrau Original,Hofbrauhaus Munchen,Germany,2026,,,,,,
Narragansett Lager,Narragansett Brewing Co.,Rhode Island,2025,,,,,,
Double Knotted Imperial German Pretzel Ale,Third Eye Brewing Co.,Ohio,2025,,,,,,
Robe Red Velvet Donut Stout,Streetside Brewery,Ohio,2020,,,,,,
Winter Warmer Ale,Elevator Brewing Co.,Ohio,2013,,,,,,
Double Fractal Circular Invasion Double India Pale Ale,Equilibrium Brewery,New York,2024,,,,,,
Coast to Coast India Pale Ale,Fifty West Brewing Co.,Ohio,2020,,,,,,
Be a Lot Cooler If You Did Imperial Cherry Pie Berliner Weisse,Streetside Brewery,Ohio,2022,,,,,,
Kronenbourg,Brasseries Kronenbourg,France,2014,,,,,,
Cynic Ale,Surly Brewing Co.,Minnesota,2014,,,,,,
7th Inning Stretch,Taft's Brewing Co.,Ohio,2015,,,,,,
Mello Hello Brut Style IPA,Platform Beer Co.,Ohio,2019,,,,,,
Dukes of Ripstick Super Party Pale Ale,Hoof Hearted Brewing,Ohio,2023,,,,,,
Jalapeño Pale Ale,Birdsong Brewing,North Carolina,2024,,,,,,
Samuel Adams Merry Maker Gingerbread Stout,Boston Beer Co.,Massachusetts,2013,,,,,,
Kentucky Rye Barrel IPA,Alltech's Lexington Brewing Co.,Kentucky,2015,,,,,,
Sum'r Summer Ale,Uinta Brewing Co.,Utah,2015,,,,,,
High Life Lite,Miller Brewing Co.,Colorado,2014,,,,,,
Pho King Christmas Ale,HighGrain Brewing Co.,Ohio,2022,,,,,,
Artic Saison,Grassroots Brewing,Vermont,2015,,,,,,
Dreamsicle,MadTree Brewing Co.,Ohio,2015,,,,,,
Samuel Adams Rebel IPA,Boston Beer Co.,Massachusetts,2015,,,,,,
Maple Porter,ESB,Canada,2016,,,,,,
Plum Street Wheat,Christian Moerlein Brewing Co.,Ohio,2016,,,,,,
Golden Monkey Belgian-Style Tripel Ale,Victory Brewing Co.,Pennsylvania,2021,,,,,,
Cincinnati Fan Zone India Pale Ale,Ellicottville Brewing Co.,New York,2025,,,,,,
LaRosa's Lager,Braxton Brewing Co.,Kentucky,2024,,,,,,
Max Rebo's Galactic Sour,J. Wakefield Brewing,Florida,2023,,,,,,
Northern Liberties IPA,Christian Moerlein Brewing Co.,Ohio,2014,,,,,,
Freedom Reserve Red Lager,Anheuser-Busch,Missouri,2018,,,,,,
Snowdrift Vanilla Porter,Jacob Leinenkugel Brewing Co.,Wisconsin,2013,,,,,,
Liliko'i Kepolo Belgian-Style White Ale,Avery Brewing Co.,Colorado,2017,,,,,,
Lumber Sexual American DIPA,RaR Brewing,Maryland,2023,,,,,,
NaPali Pale Ale,Kaua'i Island Brewing Co.,Hawaii,2025,,,,,,
Go West! IPA,Anchor Brewing Co.,California,2016,,,,,,
Dundee Original Honey Brown Lager,Dundee Brewing Co.,New York,2015,,,,,,
Sweater Party Spiced Winter Warmer,Avery Brewing Co.,Colorado,2020,,,,,,
Ready Set Gose,Uinta Brewing Co.,Utah,2016,,,,,,
Belgian-Style Amber Ale,Dark Horse Brewing Co.,Michigan,2017,,,,,,
IPA,Full Sail,North Carolina,2013,,,,,,
Baltika 5,Baltika Breweries,Russia,2014,,,,,,
Mr. Mean Imperial IPA,Warped Wing Brewing Co.,Ohio,2015,,,,,,
UDF Strawberry Milkshake IPA,Taft's Brewing Co.,Ohio,2022,,,,,,
Ryeway to Heaven Rye Ale,Revolution Brewing,Illinois,2025,,,,,,
Dorothy's New World Lager,Toppling Goliath Brewing Co.,Iowa,2020,,,,,,
Don't Microwave It Don't Boil It Sour IPA,Hoof Hearted Brewing,Ohio,2022,,,,,,
Hefeweizen,Hofbrauhaus ,Kentucky,2013,,,,,,
Creme Brulee,Southern Tier Brewing Co.,New York,2014,,,,,,
Little Kings Original Cream Ale,Christian Moerlein Brewing Co.,Ohio,2014,,,,,,
Ermal's Belgian Style Cream Ale,Warped Wing Brewing Co.,Ohio,2016,,,,,,
Happy Little Plaidtree,MadTree Brewing Co.,Ohio,2017,,,,,,
Golden Pilsner,D. G. Yuengling & Son,Pennsylvania,2018,,,,,,
"Well...Since I Came In Late, I Might As Well Leave Early Oat Lager",Hoof Hearted Brewing / DSSOLVR,Ohio,2023,,,,,,
Op & Top,Brouwerij De Molen,Netherlands,2014,,,,,,
Blueberry Tart,Southern Tier Brewing Co.,New York,2018,,,,,,
Call to Farms Saison,Listermann Brewing Co.,Ohio,2018,,,,,,
Buffalo Gold Golden Ale,Boulder Beer,Colorado,2015,,,,,,
Red Stripe Jamaican Lager,Desnoes & Geddes Ltd.,Jamaica,2018,,,,,,
Uncomfortably Long Hugs Milkshake IPA,Weyerbacher Brewing Co.,Pennsylvania,2019,,,,,,
Burger Classic,Hudepohl-Schoenling Brewing Co.,Ohio,2017,,,,,,
Cali Creamin' Vanilla Cream Ale,Mother Earth Brewing Co.,California,2025,,,,,,
Barracuda Pale Ale,MadTree Brewing Co.,Ohio,2023,,,,,,
My Blue Heaven Blueberry Ale,Grainworks Brewing Co.,Ohio,2022,,,,,,
Spacewalker American Belgo,Great Lakes Brewing Co.,Ohio,2014,,,,,,
Sunshine Daydream Session Ale,Fat Head's Brewery & Saloon,Ohio,2016,,,,,,
Original Pale Ale,Cooper's Brewery,Australia,2014,,,,,,
Suh Mow A Cookie Beer,Hoppin' Frog Brewery,Ohio,2023,,,,,,
Blonde American Lager,Guinness Ltd.,Ireland,2015,,,,,,
Ohio Pale Ale,Jackie O's Brewery,Ohio,2016,,,,,,
Caramel Apple Fandango Fruited Sour Beer,Toppling Goliath Brewing Co.,Iowa,2024,,,,,,
City Life India Session Pilsner,Fretboard Brewing Co.,Ohio,2018,,,,,,
Wonder Tub Witbier,Taft's Brewing Co.,Ohio,2019,,,,,,
Fistmas Holiday Ale,Revolution Brewing,Illinois,2013,,,,,,
Imperial Stout,Founders Brewing Co.,Michigan,2015,,,,,,
Black Cherry Bourbon Tea Beer,Wild Ohio Brewing Co.,Ohio,2020,,,,,,
Longboard Island Lager,Kona Brewing Co.,Hawaii,2014,,,,,,
20th Anniversary Ale,Brewery Ommegang,New York,2023,,,,,,
Rico,Chihuahua Cerveza,California,2021,,,,,,
Handlebar Double Stout,Christian Moerlein Brewing Co.,Ohio,2015,,,,,,
Michelob Ultra,Michelob Brewing Co.,Missouri,2022,,,,,,
Keeper,Sly Fox Brewing Co. / Mikkeller ApS,Pennsylvania,2014,,,,,,
Esther Belgian Christmas Ale,Platform Beer Co.,Ohio,2018,,,,,,
Smuttlabs Kung Fu Hobo,Smuttynose Brewing Co.,New Hampshire,2015,,,,,,
Pomegranate Shandy,Jacob Leinenkugel Brewing Co.,Wisconsin,2018,,,,,,
Krombacher Pils,Krombacher Brauerei,Germany,2018,,,,,,
Quilmes,Cervecería y Maltería Quilmes,Argentina,2014,,,,,,
Mad Elf Ale,Troegs Brewing Co.,Pennsylvania,2015,,,,,,
Imperial,Cerveceria Costa Rica,Costa Rica,2014,,,,,,
Karlovacko Pivo Beer,Karlovacka Pivovara,Croatia,2014,,,,,,
Rodenbach,Brouwerij Rodenbach N.V.,Belgium,2014,,,,,,
Beck's Bier,Beck & Co.,Germany,2014,,,,,,
2XMas Seasonal,Southern Tier Brewing Co.,New York,2013,,,,,,
Amber Waves,Voodoo Brewery,Pennsylvania,2021,,,,,,
Mad King's Fest,Moosbacher,Germany,2014,,,,,,
Champagne Velvet,Upland Brewing Co.,Indiana,2016,,,,,,
Blue Moon Summer Honey Wheat,Blue Moon Brewing Co.,Colorado,2017,,,,,,
Orange Martian Sour Ale,Platform Beer Co.,Ohio,2020,,,,,,
Violet Perception Fruited Berliner Weisse,Branch & Bone Artisan Ales,Ohio,2022,,,,,,
Orange Cream Ale,Breckenridge Brewery,Colorado,2017,,,,,,
Hitachino Nest Red Rice Ale,Kiuchi Brewery,Japan,2023,,,,,,
Winter Ale,Rivertown Brewing Co.,Ohio,2013,,,,,,
Ryan and the Beaster Bunny,Evil Twin Brewing,Denmark,2015,,,,,,
Pabst Blue Ribbon,Pabst Brewing Co.,California,2014,,,,,,
See Me Rollin' Cinnamon Swirl Blonde Ale,Sonder Brewing,Ohio,2023,,,,,,
Wanker English India Pale Ale,Northern Row Brewery,Ohio,2025,,,,,,
Duchesse De Bourgogne,Brouwerij Verhaeghe,Belgium,2014,,,,,,
Forager Imperial Porter,Logsdon Farmhouse Ales,Oregon,2024,,,,,,
Pecan Pie IPA,Decadent Ales,New York,2019,,,,,,
Badonkafunk Bourbon Barreled Ale,Quaff Bros.,Kentucky,2013,,,,,,
Go To IPA,Stone Brewing Co.,California,2014,,,,,,
Double Beagle Double IPA,Listermann Brewing Co.,Ohio,2015,,,,,,
Death,Rivertown Brewing Co.,Ohio,2016,,,,,,
Evil Urges,Short's Brewing Co.,Michigan,2015,,,,,,
Mustache Ride Red,Flat 12 Bierwerks,Indiana,2015,,,,,,
Pennsylvania Tuxedo,Dogfish Head Craft Brewery,Delaware,2016,,,,,,
The Great Pumpkin Imperial Pumpkin Ale,Elysian Brewing Co.,Washington,2018,,,,,,
Grape Fizz Ale,New Belgium Brewing Co.,Colorado,2026,,,,,,
San Miguel Pale Pilsen,G.K. Skaggs,Philippines,2016,,,,,,
Reunion Ale '13,Terrapin Beer Co. / Shmaltz Brewing Co.,Georgia,2018,,,,,,
Beorn's Vacay Coconut Brown,Twin Leaf Brewery,North Carolina,2021,,,,,,
Bald Eagle Brown Ale,RJ Rockers Brewing Co.,South Carolina,2013,,,,,,
Miller High Life,Miller Brewing Co.,Colorado,2014,,,,,,
Truculent W/ Cucumber & Lime,Pretentious Barrel House,Ohio,2024,,,,,,
Sneak Attack Saison,21st Amendment Brewery,California,2014,,,,,,
Havana Hammock,MadTree Brewing Co.,Ohio,2019,,,,,,
G13 Wild India Pale Ale Aged on Cedar,Stillwater Artisanal Ales,Maryland,2017,,,,,,
Big Flats Lager Beer,World Brews,California,2014,,,,,,
 '37 Flood American IPA,Dry Ground Brewing Co.,Kentucky,2020,,,,,,
Cowboy Lager,Gilligan's Brewery,Ohio,2026,,,,,,
Soulless Scarlet Sour Ale,Rivertown Brewing Co.,Ohio,2015,,,,,,
11th Hour IPA Ale,Crow Peak Brewing Co.,South Dakota,2025,,,,,,
Old Ghost Milk Stout,Grainworks Brewing Co.,Ohio,2022,,,,,,
Tequila Barrel Aged Paloma Gose,HighGrain Brewing Co.,Ohio,2022,,,,,,
Oude Bae,Stillwater Artisanal Ales,Maryland,2018,,,,,,
Brown Ale,The Duck-Rabbit Craft Brewery,North Carolina,2020,,,,,,
Rocket Popsicle Sour,Untitled Art,Wisconsin,2020,,,,,,
EKU 28,Kulmbacher Brauerei AG,Germany,2015,,,,,,
Dungeons & Dragons Dragon's Milk Coconut Rum Barrel Reserve,New Holland Brewing Co.,Michigan,2026,,,,,,
Crunkle Sam American Barleywine Ale,Clown Shoes,Massachusetts,2014,,,,,,
Bud Light Lemon Tea,Anheuser-Busch,Missouri,2019,,,,,,
Paths Worn Wild Farmhouse Ale,Fifty West Brewing Co.,Ohio,2025,,,,,,
White Lightning,Full Pint Brewing Co.,Pennsylvania,2013,,,,,,
Natural Light,Anheuser-Busch,Missouri,2014,,,,,,
Gigglemug Tiki Beach Midwest Fruit Tart,Urban Artifact,Ohio,2025,,,,,,
Broken Trolley Blonde Ale,The Dayton Beer Co.,Ohio,2017,,,,,,
Who the F*** Put Carrot in the Cake!? 7% Sour Edition,Skygazer Brewing Co.,Connecticut,2022,,,,,,
Raspberry Berliner Weisse,White Birch Brewing,New Hampshire,2016,,,,,,
Pickle Gose,Urban Artifact,Ohio,2018,,,,,,
The Hazel: Guinness Draught + Redd's Blueberry Ale,Guinness Ltd. / MillerCoors,Colorado,2018,,,,,,
Mr. Brown 2019 Edition,To Øl,Denmark,2019,,,,,,
Redd's Apple Ale,Redd's Brewing Co.,Wisconsin,2014,,,,,,
Hazy AF Non-Alcoholic Hazy IPA,BrewDog,UK,2023,,,,,,
Justin Blabaer,Evil Twin Brewing,Denmark,2015,,,,,,
C.R.E.A.M. Cream Ale with Coffee,Sixpoint Brewery,New York,2016,,,,,,
Cerveza Importada,Sol,Mexico,2013,,,,,,
Baltika Extra Lager,Baltika Breweries,Russia,2014,,,,,,
Miller Lite,Miller Brewing Co.,Colorado,2013,,,,,,
Bud Light and Clamato Clam Slam,Anheuser-Busch,Missouri,2017,,,,,,
Crime,Stone Brewing Co.,California,2014,,,,,,